,Point,Time [ms],Field [kV/cm],Measured Polarization
0,44,2.1846e+01,-6.479286,5.676539
1,45,2.2343e+01,-6.649155,5.663621
2,46,2.2839e+01,-6.798802,5.653743
3,47,2.3335e+01,-6.924181,5.645384
4,48,2.3832e+01,-7.043494,5.630947
5,49,2.4328e+01,-7.239652,5.619549
6,50,2.4825e+01,-7.360987,5.619549
7,51,2.5322e+01,-7.510633,5.607391
8,52,2.5818e+01,-7.696680,5.589915
9,53,2.6314e+01,-7.793748,5.591434
10,54,2.6811e+01,-7.902950,5.575477
11,55,2.7308e+01,-8.135508,5.566359
12,56,2.7804e+01,-8.295266,5.558760
13,57,2.8300e+01,-8.420645,5.549642
14,58,2.8797e+01,-8.572314,5.545843
15,59,2.9294e+01,-8.721961,5.535205
16,60,2.9790e+01,-8.879696,5.525326
17,61,3.0287e+01,-8.999009,5.506330
18,62,3.0783e+01,-9.172922,5.496452
19,63,3.1279e+01,-9.326613,5.488853
20,64,3.1776e+01,-9.429748,5.477455
21,65,3.2273e+01,-9.615795,5.458459
22,66,3.2769e+01,-9.759374,5.455419
23,67,3.3266e+01,-9.921154,5.444021
24,68,3.3762e+01,-10.024289,5.428824
25,69,3.4258e+01,-10.236625,5.418946
26,70,3.4755e+01,-10.351893,5.407548
27,71,3.5252e+01,-10.525807,5.396910
28,72,3.5748e+01,-10.667364,5.377914
29,73,3.6245e+01,-10.823077,5.369555
30,74,3.6741e+01,-10.938346,5.352838
31,75,3.7237e+01,-11.142593,5.344480
32,76,3.7734e+01,-11.241683,5.330042
33,77,3.8230e+01,-11.397396,5.324723
34,78,3.8727e+01,-11.547043,5.308766
35,79,3.9224e+01,-11.702756,5.299648
36,80,3.9720e+01,-11.870603,5.295089
37,81,4.0217e+01,-11.967670,5.278372
38,82,4.0713e+01,-12.137539,5.261655
39,83,4.1209e+01,-12.315497,5.259375
40,84,4.1706e+01,-12.434810,5.244178
41,85,4.2203e+01,-12.610746,5.232020
42,86,4.2699e+01,-12.774548,5.218343
43,87,4.3196e+01,-12.895883,5.208465
44,88,4.3692e+01,-13.043507,5.199346
45,89,4.4188e+01,-13.191131,5.192508
46,90,4.4685e+01,-13.209331,5.170472
47,91,4.5181e+01,-13.514691,5.163633
48,92,4.5678e+01,-13.634004,5.149195
49,93,4.6175e+01,-13.789717,5.138557
50,94,4.6671e+01,-13.939363,5.126400
51,95,4.7167e+01,-14.089010,5.112722
52,96,4.7664e+01,-14.317524,5.101324
53,97,4.8160e+01,-14.382236,5.089166
54,98,4.8657e+01,-14.546038,5.076249
55,99,4.9154e+01,-14.689618,5.060292
56,100,4.9650e+01,-14.849376,5.048134
57,101,5.0147e+01,-15.001044,5.036736
58,102,5.0643e+01,-15.172935,5.014700
59,103,5.1139e+01,-15.290226,5.007102
60,104,5.1636e+01,-15.449984,4.988105
61,105,5.2133e+01,-15.575363,4.981266
62,106,5.2629e+01,-15.729054,4.970628
63,107,5.3126e+01,-15.846344,4.954671
64,108,5.3622e+01,-16.050592,4.935675
65,109,5.4118e+01,-16.169904,4.927316
66,110,5.4615e+01,-16.345840,4.909839
67,111,5.5111e+01,-16.489420,4.897682
68,112,5.5608e+01,-16.657266,4.889323
69,113,5.6105e+01,-16.815002,4.865008
70,114,5.6601e+01,-16.930270,4.861208
71,115,5.7097e+01,-17.094072,4.842212
72,116,5.7594e+01,-17.261919,4.823975
73,117,5.8090e+01,-17.365053,4.810298
74,118,5.8587e+01,-17.508633,4.802699
75,119,5.9084e+01,-17.682547,4.786742
76,120,5.9580e+01,-17.824104,4.776104
77,121,6.0077e+01,-17.995995,4.766226
78,122,6.0573e+01,-18.097108,4.749509
79,123,6.1069e+01,-18.319555,4.735831
80,124,6.1566e+01,-18.432801,4.716075
81,125,6.2063e+01,-18.592559,4.708476
82,126,6.2559e+01,-18.730072,4.701638
83,127,6.3056e+01,-18.877696,4.678842
84,128,6.3552e+01,-19.029365,4.660605
85,129,6.4049e+01,-19.144633,4.656046
86,130,6.4545e+01,-19.326635,4.638569
87,131,6.5041e+01,-19.486393,4.620332
88,132,6.5538e+01,-19.629973,4.608935
89,133,6.6034e+01,-19.745241,4.588418
90,134,6.6531e+01,-20.034422,4.577780
91,135,6.7028e+01,-20.062734,4.561823
92,136,6.7524e+01,-20.224514,4.543587
93,137,6.8020e+01,-20.380227,4.532949
94,138,6.8517e+01,-20.548074,4.510153
95,139,6.9013e+01,-20.570318,4.499515
96,140,6.9510e+01,-20.790744,4.481278
97,141,7.0007e+01,-20.976790,4.468360
98,142,7.0503e+01,-21.108237,4.451643
99,143,7.0999e+01,-21.259905,4.442525
100,144,7.1496e+01,-21.413596,4.415930
101,145,7.1993e+01,-21.557176,4.406052
102,146,7.2489e+01,-21.704800,4.388575
103,147,7.2986e+01,-21.856469,4.371098
104,148,7.3482e+01,-22.034427,4.357421
105,149,7.3978e+01,-22.182051,4.342223
106,150,7.4475e+01,-22.264963,4.336145
107,151,7.4972e+01,-22.527856,4.315628
108,152,7.5468e+01,-22.624924,4.293592
109,153,7.5965e+01,-22.756370,4.279915
110,154,7.6461e+01,-22.914105,4.270037
111,155,7.6957e+01,-23.079930,4.254840
112,156,7.7454e+01,-23.191153,4.235083
113,157,7.7951e+01,-23.359000,4.225205
114,158,7.8447e+01,-23.508646,4.208488
115,159,7.8944e+01,-23.658293,4.191011
116,160,7.9440e+01,-23.789739,4.174294
117,161,7.9936e+01,-23.979830,4.166696
118,162,8.0433e+01,-24.129477,4.146179
119,163,8.0930e+01,-24.264968,4.124903
120,164,8.1426e+01,-24.396414,4.105907
121,165,8.1922e+01,-24.570327,4.097548
122,166,8.2419e+01,-24.693684,4.076272
123,167,8.2915e+01,-24.841309,4.064115
124,168,8.3412e+01,-25.007133,4.050437
125,169,8.3909e+01,-25.154757,4.029161
126,170,8.4405e+01,-25.298337,4.017763
127,171,8.4901e+01,-25.466184,3.997247
128,172,8.5398e+01,-25.571341,3.982050
129,173,8.5894e+01,-25.745254,3.959254
130,174,8.6391e+01,-25.880745,3.941777
131,175,8.6888e+01,-26.054658,3.932659
132,176,8.7384e+01,-26.224527,3.912902
133,177,8.7880e+01,-26.345862,3.889347
134,178,8.8377e+01,-26.535953,3.882508
135,179,8.8874e+01,-26.645155,3.861992
136,180,8.9370e+01,-26.792779,3.843755
137,181,8.9867e+01,-26.942425,3.826278
138,182,9.0363e+01,-27.083983,3.808801
139,183,9.0859e+01,-27.280141,3.792084
140,184,9.1356e+01,-27.379231,3.779167
141,185,9.1853e+01,-27.553145,3.764729
142,186,9.2349e+01,-27.666391,3.739654
143,187,9.2846e+01,-27.844349,3.736615
144,188,9.3342e+01,-27.989951,3.719138
145,189,9.3838e+01,-28.040507,3.697862
146,190,9.4335e+01,-28.285199,3.678865
147,191,9.4832e+01,-28.436868,3.662148
148,192,9.5328e+01,-28.600670,3.643152
149,193,9.5825e+01,-28.740205,3.634793
150,194,9.6321e+01,-28.910074,3.613517
151,195,9.6817e+01,-29.069832,3.602879
152,196,9.7314e+01,-29.187122,3.570205
153,197,9.7811e+01,-29.344857,3.569445
154,198,9.8307e+01,-29.488437,3.546649
155,199,9.8803e+01,-29.636061,3.524613
156,200,9.9300e+01,-29.779641,3.507897
157,201,9.9796e+01,-29.953554,3.490420
158,202,1.0029e+02,-30.080956,3.467624
159,203,1.0079e+02,-30.226558,3.458506
160,204,1.0129e+02,-30.386316,3.438749
161,205,1.0178e+02,-30.556185,3.418993
162,206,1.0228e+02,-30.641119,3.402276
163,207,1.0278e+02,-30.853455,3.374921
164,208,1.0327e+02,-30.964679,3.368842
165,209,1.0377e+02,-31.142637,3.351365
166,210,1.0427e+02,-31.274083,3.318691
167,211,1.0476e+02,-31.454063,3.308053
168,212,1.0526e+02,-31.571354,3.288297
169,213,1.0575e+02,-31.735156,3.270060
170,214,1.0625e+02,-31.880758,3.252583
171,215,1.0675e+02,-32.028382,3.238146
172,216,1.0724e+02,-32.260941,3.217630
173,217,1.0774e+02,-32.307452,3.205472
174,218,1.0824e+02,-32.495522,3.182676
175,219,1.0873e+02,-32.637079,3.168239
176,220,1.0923e+02,-32.750325,3.148482
177,221,1.0973e+02,-32.936372,3.135565
178,222,1.1022e+02,-33.106241,3.121127
179,223,1.1072e+02,-33.239709,3.097572
180,224,1.1122e+02,-33.383289,3.079335
181,225,1.1171e+02,-33.549113,3.067177
182,226,1.1221e+02,-33.727071,3.051980
183,227,1.1271e+02,-33.763472,3.042102
184,228,1.1320e+02,-34.006142,3.019306
185,229,1.1370e+02,-34.137588,3.003349
186,230,1.1419e+02,-34.291279,2.982073
187,231,1.1469e+02,-34.453059,2.963076
188,232,1.1519e+02,-34.612817,2.942560
189,233,1.1568e+02,-34.726062,2.927363
190,234,1.1618e+02,-34.885820,2.900008
191,235,1.1668e+02,-35.043556,2.887850
192,236,1.1717e+02,-35.209380,2.874933
193,237,1.1767e+02,-35.249825,2.849857
194,238,1.1817e+02,-35.456094,2.833140
195,239,1.1866e+02,-35.630008,2.811864
196,240,1.1916e+02,-35.767521,2.801226
197,241,1.1966e+02,-35.931323,2.779950
198,242,1.2015e+02,-36.072880,2.765513
199,243,1.2065e+02,-36.317573,2.734358
200,244,1.2115e+02,-36.390374,2.719921
201,245,1.2164e+02,-36.515753,2.703964
202,246,1.2214e+02,-36.657310,2.682688
203,247,1.2264e+02,-36.815046,2.668251
204,248,1.2313e+02,-36.889869,2.646215
205,249,1.2363e+02,-37.126472,2.635577
206,250,1.2413e+02,-37.266007,2.615820
207,251,1.2462e+02,-37.441943,2.594544
208,252,1.2512e+02,-37.559234,2.574788
209,253,1.2561e+02,-37.725058,2.559590
210,254,1.2611e+02,-37.973795,2.542114
211,255,1.2661e+02,-38.036484,2.522357
212,256,1.2710e+02,-38.169953,2.508680
213,257,1.2760e+02,-38.321621,2.488923
214,258,1.2810e+02,-38.483401,2.471447
215,259,1.2859e+02,-38.624959,2.456249
216,260,1.2909e+02,-38.780672,2.442572
217,261,1.2959e+02,-38.902007,2.425855
218,262,1.3008e+02,-39.069854,2.402299
219,263,1.3058e+02,-39.199278,2.388622
220,264,1.3108e+02,-39.429814,2.374184
221,265,1.3157e+02,-39.599683,2.351389
222,266,1.3207e+02,-39.654284,2.329353
223,267,1.3257e+02,-39.803930,2.317195
224,268,1.3306e+02,-39.965710,2.294399
225,269,1.3356e+02,-40.123445,2.282241
226,270,1.3406e+02,-40.275114,2.257926
227,271,1.3455e+02,-40.442961,2.241969
228,272,1.3505e+02,-40.552162,2.219933
229,273,1.3554e+02,-40.695742,2.204736
230,274,1.3604e+02,-40.849433,2.188019
231,275,1.3654e+02,-41.053680,2.169782
232,276,1.3703e+02,-41.156815,2.145466
233,277,1.3753e+02,-41.274105,2.121911
234,278,1.3803e+02,-41.458130,2.116592
235,279,1.3852e+02,-41.613843,2.100635
236,280,1.3902e+02,-41.781690,2.067201
237,281,1.3952e+02,-41.901002,2.055803
238,282,1.4001e+02,-42.030426,2.038326
239,283,1.4051e+02,-42.208384,2.017810
240,284,1.4101e+02,-42.358031,2.003373
241,285,1.4150e+02,-42.479366,1.988175
242,286,1.4200e+02,-42.663390,1.974498
243,287,1.4250e+02,-42.813037,1.953982
244,288,1.4299e+02,-42.944483,1.933465
245,289,1.4349e+02,-43.094129,1.915989
246,290,1.4399e+02,-43.274110,1.898512
247,291,1.4448e+02,-43.403534,1.884074
248,292,1.4498e+02,-43.454090,1.871157
249,293,1.4547e+02,-43.743271,1.846841
250,294,1.4597e+02,-43.850451,1.827845
251,295,1.4647e+02,-43.983919,1.816447
252,296,1.4696e+02,-44.129521,1.792891
253,297,1.4746e+02,-44.277145,1.783013
254,298,1.4796e+02,-44.386347,1.764016
255,299,1.4845e+02,-44.572394,1.745780
256,300,1.4895e+02,-44.726085,1.724504
257,301,1.4945e+02,-44.910109,1.711586
258,302,1.4994e+02,-45.003133,1.683471
259,303,1.5044e+02,-45.201313,1.663715
260,304,1.5094e+02,-45.381293,1.656116
261,305,1.5143e+02,-45.488472,1.641679
262,306,1.5193e+02,-45.623963,1.616603
263,307,1.5243e+02,-45.789788,1.590008
264,308,1.5292e+02,-45.996057,1.588489
265,309,1.5342e+02,-46.143681,1.560374
266,310,1.5391e+02,-46.236705,1.543657
267,311,1.5441e+02,-46.390396,1.526180
268,312,1.5491e+02,-46.533975,1.510983
269,313,1.5540e+02,-46.649243,1.489707
270,314,1.5590e+02,-46.867646,1.471470
271,315,1.5640e+02,-46.974826,1.462352
272,316,1.5689e+02,-47.134583,1.438796
273,317,1.5739e+02,-47.288274,1.419040
274,318,1.5789e+02,-47.446010,1.405362
275,319,1.5838e+02,-47.573411,1.390165
276,320,1.5888e+02,-47.632057,1.370409
277,321,1.5938e+02,-47.888882,1.355211
278,322,1.5987e+02,-48.006173,1.340774
279,323,1.6037e+02,-48.165930,1.321018
280,324,1.6087e+02,-48.319621,1.303541
281,325,1.6136e+02,-48.489490,1.287584
282,326,1.6186e+02,-48.633070,1.272387
283,327,1.6236e+02,-48.786761,1.254150
284,328,1.6285e+02,-48.930341,1.238193
285,329,1.6335e+02,-49.090098,1.226035
286,330,1.6384e+02,-49.100209,1.201720
287,331,1.6434e+02,-49.393436,1.190322
288,332,1.6484e+02,-49.526904,1.169805
289,333,1.6533e+02,-49.676550,1.156888
290,334,1.6583e+02,-49.830241,1.128013
291,335,1.6633e+02,-49.969777,1.113576
292,336,1.6682e+02,-50.111334,1.107497
293,337,1.6732e+02,-50.226602,1.083941
294,338,1.6782e+02,-50.447027,1.064185
295,339,1.6831e+02,-50.568362,1.043669
296,340,1.6881e+02,-50.715987,1.034550
297,341,1.6931e+02,-50.877766,1.007955
298,342,1.6980e+02,-51.043591,0.996557
299,343,1.7030e+02,-51.181104,0.976041
300,344,1.7080e+02,-51.318617,0.963123
301,345,1.7129e+02,-51.464219,0.941847
302,346,1.7179e+02,-51.587576,0.928170
303,347,1.7229e+02,-51.727111,0.909933
304,348,1.7278e+02,-51.896980,0.890177
305,349,1.7328e+02,-52.076960,0.874220
306,350,1.7378e+02,-52.212451,0.857503
307,351,1.7427e+02,-52.325697,0.843825
308,352,1.7477e+02,-52.521855,0.832427
309,353,1.7526e+02,-52.689702,0.806592
310,354,1.7576e+02,-52.815081,0.789115
311,355,1.7626e+02,-52.956639,0.785316
312,356,1.7675e+02,-53.122463,0.759481
313,357,1.7725e+02,-53.235709,0.748083
314,358,1.7775e+02,-53.401533,0.729846
315,359,1.7824e+02,-53.565336,0.716928
316,360,1.7874e+02,-53.692737,0.706290
317,361,1.7924e+02,-53.840361,0.688814
318,362,1.7973e+02,-54.000119,0.669817
319,363,1.8023e+02,-54.167966,0.657659
320,364,1.8073e+02,-54.275145,0.633344
321,365,1.8122e+02,-54.467259,0.622706
322,366,1.8172e+02,-54.631061,0.605989
323,367,1.8222e+02,-54.766552,0.591551
324,368,1.8271e+02,-54.902042,0.572555
325,369,1.8321e+02,-55.128534,0.554318
326,370,1.8371e+02,-55.223580,0.533802
327,371,1.8420e+02,-55.373226,0.517845
328,372,1.8470e+02,-55.490517,0.508727
329,373,1.8519e+02,-55.638141,0.494289
330,374,1.8569e+02,-55.803965,0.473013
331,375,1.8619e+02,-55.941478,0.445658
332,376,1.8668e+02,-56.115392,0.436540
333,377,1.8718e+02,-56.234704,0.425902
334,378,1.8768e+02,-56.398507,0.409185
335,379,1.8817e+02,-56.455130,0.393988
336,380,1.8867e+02,-56.633088,0.367393
337,381,1.8917e+02,-56.827223,0.360554
338,382,1.8966e+02,-56.980914,0.348396
339,383,1.9016e+02,-57.140672,0.326360
340,384,1.9066e+02,-57.292341,0.316482
341,385,1.9115e+02,-57.524899,0.299005
342,386,1.9165e+02,-57.599723,0.273170
343,387,1.9215e+02,-57.725102,0.261012
344,388,1.9264e+02,-57.899015,0.252654
345,389,1.9314e+02,-58.046640,0.238216
346,390,1.9363e+02,-58.062818,0.221499
347,391,1.9413e+02,-58.303465,0.209342
348,392,1.9463e+02,-58.497601,0.191105
349,393,1.9512e+02,-58.635114,0.172108
350,394,1.9562e+02,-58.792850,0.162230
351,395,1.9612e+02,-58.936429,0.148553
352,396,1.9661e+02,-59.108320,0.130316
353,397,1.9711e+02,-59.241789,0.111320
354,398,1.9761e+02,-59.387391,0.098402
355,399,1.9810e+02,-59.549171,0.074846
356,400,1.9860e+02,-59.680617,0.065728
357,401,1.9910e+02,-59.741284,0.052050
358,402,1.9959e+02,-59.971821,0.042932
359,403,2.0009e+02,-60.139668,0.027735
360,404,2.0059e+02,-60.279203,0.004939
361,405,2.0108e+02,-60.426827,-0.008738
362,406,2.0158e+02,-60.580518,-0.023936
363,407,2.0208e+02,-60.689719,-0.038373
364,408,2.0257e+02,-60.879811,-0.058889
365,409,2.0307e+02,-60.997101,-0.073327
366,410,2.0356e+02,-61.179104,-0.090043
367,411,2.0406e+02,-61.336839,-0.105241
368,412,2.0456e+02,-61.571420,-0.120438
369,413,2.0505e+02,-61.636132,-0.126517
370,414,2.0555e+02,-61.789823,-0.155391
371,415,2.0605e+02,-61.913180,-0.162230
372,416,2.0654e+02,-62.085071,-0.179707
373,417,2.0704e+02,-62.216517,-0.197944
374,418,2.0754e+02,-62.345941,-0.211621
375,419,2.0803e+02,-62.515810,-0.226059
376,420,2.0853e+02,-62.657368,-0.235177
377,421,2.0903e+02,-62.835326,-0.253414
378,422,2.0952e+02,-62.974861,-0.266331
379,423,2.1002e+02,-63.249887,-0.284568
380,424,2.1052e+02,-63.294376,-0.292926
381,425,2.1101e+02,-63.442000,-0.308123
382,426,2.1151e+02,-63.571424,-0.321801
383,427,2.1201e+02,-63.727138,-0.336238
384,428,2.1250e+02,-63.814094,-0.340797
385,429,2.1300e+02,-64.014297,-0.366633
386,430,2.1350e+02,-64.157877,-0.378031
387,431,2.1399e+02,-64.337857,-0.393228
388,432,2.1449e+02,-64.473347,-0.404626
389,433,2.1498e+02,-64.606816,-0.414504
390,434,2.1548e+02,-64.768596,-0.427422
391,435,2.1598e+02,-64.879820,-0.454017
392,436,2.1647e+02,-65.082044,-0.466934
393,437,2.1697e+02,-65.223602,-0.475293
394,438,2.1747e+02,-65.379315,-0.490490
395,439,2.1796e+02,-65.526939,-0.508727
396,440,2.1846e+02,-65.640185,-0.524684
397,441,2.1896e+02,-65.836343,-0.545960
398,442,2.1945e+02,-65.975879,-0.553558
399,443,2.1995e+02,-66.105303,-0.567236
400,444,2.2045e+02,-66.275171,-0.585473
401,445,2.2094e+02,-66.443018,-0.599910
402,446,2.2144e+02,-66.582553,-0.612828
403,447,2.2194e+02,-66.732200,-0.625745
404,448,2.2243e+02,-66.869713,-0.643222
405,449,2.2293e+02,-67.037559,-0.659939
406,450,2.2343e+02,-67.067893,-0.665258
407,451,2.2392e+02,-67.314608,-0.678935
408,452,2.2442e+02,-67.466276,-0.700971
409,453,2.2491e+02,-67.611878,-0.717688
410,454,2.2541e+02,-67.733213,-0.716928
411,455,2.2591e+02,-67.941505,-0.739724
412,456,2.2640e+02,-68.064862,-0.748083
413,457,2.2690e+02,-68.196308,-0.758721
414,458,2.2740e+02,-68.345955,-0.774678
415,459,2.2789e+02,-68.519868,-0.787596
416,460,2.2839e+02,-68.629070,-0.793674
417,461,2.2889e+02,-68.802983,-0.811911
418,462,2.2938e+02,-69.019364,-0.825589
419,463,2.2988e+02,-69.106320,-0.838506
420,464,2.3038e+02,-69.262033,-0.852184
421,465,2.3087e+02,-69.427858,-0.870420
422,466,2.3137e+02,-69.573460,-0.886377
423,467,2.3187e+02,-69.684684,-0.888657
424,468,2.3236e+02,-69.822197,-0.903854
425,469,2.3286e+02,-70.004199,-0.926650
426,470,2.3335e+02,-70.149801,-0.938048
427,471,2.3385e+02,-70.313603,-0.950206
428,472,2.3435e+02,-70.469316,-0.969202
429,473,2.3484e+02,-70.627052,-0.985159
430,474,2.3534e+02,-70.746364,-0.996557
431,475,2.3584e+02,-70.910167,-1.009475
432,476,2.3633e+02,-71.053746,-1.027711
433,477,2.3683e+02,-71.235749,-1.031511
434,478,2.3733e+02,-71.324728,-1.057346
435,479,2.3782e+02,-71.496619,-1.066464
436,480,2.3832e+02,-71.660421,-1.077102
437,481,2.3882e+02,-71.801978,-1.092300
438,482,2.3931e+02,-71.986003,-1.102178
439,483,2.3981e+02,-72.188228,-1.115095
440,484,2.4031e+02,-72.230695,-1.129533
441,485,2.4080e+02,-72.406631,-1.142450
442,486,2.4130e+02,-72.542122,-1.160687
443,487,2.4180e+02,-72.750413,-1.169046
444,488,2.4229e+02,-72.831303,-1.182723
445,489,2.4279e+02,-72.908149,-1.192601
446,490,2.4328e+02,-73.140707,-1.203999
447,491,2.4378e+02,-73.320688,-1.226035
448,492,2.4428e+02,-73.446067,-1.230594
449,493,2.4477e+02,-73.674581,-1.240472
450,494,2.4527e+02,-73.854561,-1.252630
451,495,2.4577e+02,-73.882873,-1.268587
452,496,2.4626e+02,-74.056786,-1.284544
453,497,2.4676e+02,-74.212499,-1.296702
454,498,2.4726e+02,-74.343946,-1.305061
455,499,2.4775e+02,-74.487525,-1.311899
456,500,2.4825e+02,-74.616949,-1.333175
457,501,2.4875e+02,-74.782774,-1.345333
458,502,2.4924e+02,-74.932420,-1.354452
459,503,2.4974e+02,-75.080044,-1.370409
460,504,2.5024e+02,-75.237780,-1.385606
461,505,2.5073e+02,-75.476405,-1.398523
462,506,2.5123e+02,-75.498650,-1.409921
463,507,2.5173e+02,-75.696830,-1.422839
464,508,2.5222e+02,-75.848499,-1.432717
465,509,2.5272e+02,-75.981967,-1.450194
466,510,2.5322e+02,-76.119480,-1.466911
467,511,2.5371e+02,-76.267105,-1.473750
468,512,2.5421e+02,-76.436973,-1.490467
469,513,2.5470e+02,-76.558308,-1.500345
470,514,2.5520e+02,-76.748400,-1.516302
471,515,2.5570e+02,-76.871757,-1.526940
472,516,2.5619e+02,-77.037581,-1.536058
473,517,2.5669e+02,-77.169028,-1.554295
474,518,2.5719e+02,-77.332830,-1.564933
475,519,2.5768e+02,-77.472365,-1.577091
476,520,2.5818e+02,-77.617967,-1.587729
477,521,2.5868e+02,-77.791880,-1.601406
478,522,2.5917e+02,-77.919282,-1.618123
479,523,2.5967e+02,-78.066906,-1.626482
480,524,2.6017e+02,-78.224642,-1.641679
481,525,2.6066e+02,-78.368221,-1.650797
482,526,2.6116e+02,-78.519890,-1.654596
483,527,2.6166e+02,-78.673581,-1.675113
484,528,2.6215e+02,-78.800983,-1.684231
485,529,2.6265e+02,-78.958718,-1.692590
486,530,2.6314e+02,-79.122520,-1.704747
487,531,2.6364e+02,-79.274189,-1.719185
488,532,2.6414e+02,-79.440013,-1.738181
489,533,2.6463e+02,-79.565393,-1.741221
490,534,2.6513e+02,-79.731217,-1.751099
491,535,2.6563e+02,-79.846486,-1.766296
492,536,2.6612e+02,-79.998154,-1.779214
493,537,2.6662e+02,-80.220602,-1.785293
494,538,2.6712e+02,-80.396537,-1.805809
495,539,2.6761e+02,-80.453160,-1.816447
496,540,2.6811e+02,-80.588651,-1.826325
497,541,2.6861e+02,-80.770653,-1.838483
498,542,2.6910e+02,-80.920300,-1.851400
499,543,2.6960e+02,-81.080058,-1.865078
500,544,2.7010e+02,-81.205437,-1.879515
501,545,2.7059e+02,-81.381373,-1.889393
502,546,2.7109e+02,-81.522930,-1.902311
503,547,2.7159e+02,-81.660443,-1.911429
504,548,2.7208e+02,-81.806045,-1.923587
505,549,2.7258e+02,-82.060848,-1.941824
506,550,2.7307e+02,-82.072982,-1.957021
507,551,2.7357e+02,-82.254984,-1.966139
508,552,2.7407e+02,-82.424853,-1.976777
509,553,2.7456e+02,-82.564388,-1.991215
510,554,2.7506e+02,-82.712013,-1.998053
511,555,2.7556e+02,-82.877837,-2.009451
512,556,2.7605e+02,-83.007261,-2.020089
513,557,2.7655e+02,-83.144774,-2.028448
514,558,2.7705e+02,-83.288354,-2.043645
515,559,2.7754e+02,-83.448111,-2.056563
516,560,2.7804e+02,-83.601802,-2.064161
517,561,2.7854e+02,-83.737293,-2.069480
518,562,2.7903e+02,-83.915251,-2.083918
519,563,2.7953e+02,-84.050742,-2.092276
520,564,2.8003e+02,-84.198366,-2.105194
521,565,2.8052e+02,-84.327790,-2.116592
522,566,2.8102e+02,-84.511814,-2.134069
523,567,2.8152e+02,-84.661461,-2.141667
524,568,2.8201e+02,-84.798974,-2.153065
525,569,2.8251e+02,-84.942553,-2.162943
526,570,2.8300e+02,-85.173090,-2.177381
527,571,2.8350e+02,-85.221624,-2.188019
528,572,2.8400e+02,-85.403626,-2.206255
529,573,2.8449e+02,-85.567428,-2.211574
530,574,2.8499e+02,-85.702919,-2.229811
531,575,2.8549e+02,-85.854588,-2.240449
532,576,2.8598e+02,-85.994123,-2.252607
533,577,2.8648e+02,-86.056813,-2.260965
534,578,2.8698e+02,-86.291394,-2.267804
535,579,2.8747e+02,-86.447107,-2.286801
536,580,2.8797e+02,-86.572486,-2.304277
537,581,2.8847e+02,-86.740333,-2.303517
538,582,2.8896e+02,-86.889979,-2.314915
539,583,2.8946e+02,-87.041648,-2.336191
540,584,2.8996e+02,-87.201406,-2.344550
541,585,2.9045e+02,-87.342963,-2.358987
542,586,2.9095e+02,-87.514854,-2.365066
543,587,2.9145e+02,-87.638212,-2.376464
544,588,2.9194e+02,-87.759546,-2.389382
545,589,2.9244e+02,-87.943571,-2.390901
546,590,2.9294e+02,-88.107373,-2.406859
547,591,2.9343e+02,-88.196352,-2.420536
548,592,2.9393e+02,-88.370266,-2.427375
549,593,2.9442e+02,-88.528001,-2.441812
550,594,2.9492e+02,-88.693826,-2.452450
551,595,2.9542e+02,-88.831339,-2.454730
552,596,2.9591e+02,-89.007274,-2.473726
553,597,2.9641e+02,-89.100298,-2.482845
554,598,2.9691e+02,-89.274211,-2.490443
555,599,2.9740e+02,-89.427902,-2.503361
556,600,2.9790e+02,-89.583615,-2.513999
557,601,2.9840e+02,-89.725173,-2.524637
558,602,2.9889e+02,-89.874819,-2.534515
559,603,2.9939e+02,-90.026488,-2.543633
560,604,2.9989e+02,-90.149845,-2.559590
561,605,3.0038e+02,-90.273202,-2.567189
562,606,3.0088e+02,-90.493627,-2.577827
563,607,3.0138e+02,-90.641252,-2.589985
564,608,3.0187e+02,-90.720119,-2.603662
565,609,3.0237e+02,-90.922344,-2.612021
566,610,3.0287e+02,-91.086146,-2.624179
567,611,3.0336e+02,-91.223659,-2.637856
568,612,3.0386e+02,-91.371283,-2.650014
569,613,3.0435e+02,-91.522952,-2.656853
570,614,3.0485e+02,-91.652376,-2.669010
571,615,3.0535e+02,-91.785845,-2.678129
572,616,3.0584e+02,-91.961780,-2.691046
573,617,3.0634e+02,-92.115471,-2.702444
574,618,3.0684e+02,-92.275229,-2.714602
575,619,3.0733e+02,-92.410720,-2.722201
576,620,3.0783e+02,-92.439031,-2.740437
577,621,3.0833e+02,-92.701923,-2.746516
578,622,3.0882e+02,-92.841459,-2.751835
579,623,3.0932e+02,-93.015372,-2.760954
580,624,3.0982e+02,-93.162996,-2.777670
581,625,3.1031e+02,-93.312643,-2.789068
582,626,3.1081e+02,-93.492623,-2.792868
583,627,3.1131e+02,-93.620025,-2.799706
584,628,3.1180e+02,-93.753493,-2.812624
585,629,3.1230e+02,-93.911228,-2.820983
586,630,3.1280e+02,-94.064919,-2.829341
587,631,3.1329e+02,-94.234788,-2.842259
588,632,3.1379e+02,-94.380390,-2.853657
589,633,3.1428e+02,-94.519925,-2.865054
590,634,3.1478e+02,-94.641260,-2.878732
591,635,3.1528e+02,-94.813152,-2.887090
592,636,3.1577e+02,-94.960776,-2.896969
593,637,3.1627e+02,-95.108400,-2.906847
594,638,3.1677e+02,-95.249957,-2.912166
595,639,3.1726e+02,-95.427915,-2.929643
596,640,3.1776e+02,-95.555317,-2.938001
597,641,3.1826e+02,-95.678674,-2.953958
598,642,3.1875e+02,-95.804054,-2.966876
599,643,3.1925e+02,-96.046724,-2.968396
600,644,3.1975e+02,-96.145814,-2.989672
601,645,3.2024e+02,-96.323772,-2.995750
602,646,3.2074e+02,-96.475440,-3.003349
603,647,3.2124e+02,-96.619020,-3.017027
604,648,3.2173e+02,-96.667554,-3.027665
605,649,3.2223e+02,-96.922357,-3.038303
606,650,3.2273e+02,-97.045715,-3.051980
607,651,3.2322e+02,-97.217606,-3.052740
608,652,3.2372e+02,-97.371297,-3.068697
609,653,3.2421e+02,-97.520943,-3.078575
610,654,3.2471e+02,-97.650367,-3.089213
611,655,3.2521e+02,-97.826303,-3.095292
612,656,3.2570e+02,-97.959771,-3.104411
613,657,3.2620e+02,-98.119529,-3.115808
614,658,3.2670e+02,-98.257042,-3.125687
615,659,3.2719e+02,-98.418822,-3.130246
616,660,3.2769e+02,-98.550268,-3.145443
617,661,3.2819e+02,-98.679692,-3.147723
618,662,3.2868e+02,-98.833383,-3.163680
619,663,3.2918e+02,-99.009319,-3.176597
620,664,3.2968e+02,-99.175143,-3.185716
621,665,3.3017e+02,-99.302545,-3.187995
622,666,3.3067e+02,-99.458258,-3.198633
623,667,3.3117e+02,-99.585660,-3.210791
624,668,3.3166e+02,-99.727217,-3.223709
625,669,3.3216e+02,-99.797996,-3.229788
626,670,3.3265e+02,-99.998198,-3.235866
627,671,3.3315e+02,-100.188290,-3.251064
628,672,3.3365e+02,-100.352092,-3.268540
629,673,3.3414e+02,-100.479494,-3.276139
630,674,3.3464e+02,-100.691830,-3.289057
631,675,3.3514e+02,-100.902144,-3.298175
632,676,3.3563e+02,-100.928433,-3.305774
633,677,3.3613e+02,-101.072013,-3.308053
634,678,3.3663e+02,-101.249971,-3.325530
635,679,3.3712e+02,-101.397595,-3.333129
636,680,3.3762e+02,-101.543197,-3.343767
637,681,3.3812e+02,-101.713066,-3.358204
638,682,3.3861e+02,-101.834401,-3.365803
639,683,3.3911e+02,-101.977980,-3.377960
640,684,3.3961e+02,-102.125604,-3.390118
641,685,3.4010e+02,-102.295473,-3.394677
642,686,3.4060e+02,-102.455231,-3.403796
643,687,3.4110e+02,-102.558366,-3.414434
644,688,3.4159e+02,-102.718123,-3.428871
645,689,3.4209e+02,-102.892037,-3.434950
646,690,3.4258e+02,-103.057861,-3.443308
647,691,3.4308e+02,-103.177174,-3.451667
648,692,3.4358e+02,-103.237842,-3.460025
649,693,3.4407e+02,-103.466356,-3.468384
650,694,3.4457e+02,-103.630158,-3.479782
651,695,3.4507e+02,-103.757560,-3.495739
652,696,3.4556e+02,-103.915295,-3.497258
653,697,3.4606e+02,-104.190321,-3.514735
654,698,3.4656e+02,-104.222677,-3.517015
655,699,3.4705e+02,-104.400635,-3.524613
656,700,3.4755e+02,-104.534103,-3.534492
657,701,3.4805e+02,-104.687794,-3.545130
658,702,3.4854e+02,-104.734306,-3.553488
659,703,3.4904e+02,-104.970909,-3.559567
660,704,3.4954e+02,-105.126622,-3.582363
661,705,3.5003e+02,-105.296491,-3.586922
662,706,3.5053e+02,-105.405693,-3.586922
663,707,3.5103e+02,-105.571517,-3.606678
664,708,3.5152e+02,-105.749475,-3.613517
665,709,3.5202e+02,-105.866765,-3.621116
666,710,3.5251e+02,-106.030568,-3.636313
667,711,3.5301e+02,-106.186281,-3.641632
668,712,3.5351e+02,-106.315705,-3.647711
669,713,3.5400e+02,-106.455240,-3.659109
670,714,3.5450e+02,-106.610953,-3.675826
671,715,3.5500e+02,-106.762622,-3.683424
672,716,3.5549e+02,-106.914290,-3.692543
673,717,3.5599e+02,-107.047759,-3.699381
674,718,3.5649e+02,-107.213583,-3.713059
675,719,3.5698e+02,-107.347052,-3.716858
676,720,3.5748e+02,-107.446142,-3.733575
677,721,3.5798e+02,-107.668589,-3.733575
678,722,3.5847e+02,-107.826325,-3.752572
679,723,3.5897e+02,-107.943615,-3.749532
680,724,3.5947e+02,-107.977994,-3.762450
681,725,3.5996e+02,-108.261108,-3.775367
682,726,3.6046e+02,-108.410755,-3.783726
683,727,3.6096e+02,-108.586691,-3.792084
684,728,3.6145e+02,-108.708025,-3.798923
685,729,3.6195e+02,-108.863739,-3.808801
686,730,3.6244e+02,-108.991140,-3.817920
687,731,3.6294e+02,-109.171121,-3.830837
688,732,3.6344e+02,-109.302567,-3.833877
689,733,3.6393e+02,-109.464347,-3.848314
690,734,3.6443e+02,-109.611971,-3.855913
691,735,3.6493e+02,-109.769706,-3.865791
692,736,3.6542e+02,-109.891041,-3.871870
693,737,3.6592e+02,-110.064955,-3.883268
694,738,3.6642e+02,-110.204490,-3.889347
695,739,3.6691e+02,-110.360203,-3.903784
696,740,3.6741e+02,-110.497716,-3.906064
697,741,3.6791e+02,-110.627140,-3.919741
698,742,3.6840e+02,-110.792964,-3.934178
699,743,3.6890e+02,-110.956767,-3.943297
700,744,3.6940e+02,-111.104391,-3.944057
701,745,3.6989e+02,-111.266171,-3.956974
702,746,3.7039e+02,-111.381439,-3.965333
703,747,3.7089e+02,-111.589731,-3.977490
704,748,3.7138e+02,-111.694887,-3.989648
705,749,3.7188e+02,-111.854645,-4.002566
706,750,3.7238e+02,-112.006314,-4.001806
707,751,3.7287e+02,-112.192361,-4.015483
708,752,3.7337e+02,-112.319762,-4.025362
709,753,3.7386e+02,-112.430986,-4.029921
710,754,3.7436e+02,-112.596811,-4.038279
711,755,3.7486e+02,-112.760613,-4.052717
712,756,3.7535e+02,-112.930482,-4.060315
713,757,3.7585e+02,-113.047772,-4.065634
714,758,3.7635e+02,-113.239886,-4.071713
715,759,3.7684e+02,-113.340998,-4.082351
716,760,3.7734e+02,-113.498734,-4.089190
717,761,3.7784e+02,-113.626135,-4.099828
718,762,3.7833e+02,-113.773760,-4.104387
719,763,3.7883e+02,-114.066986,-4.114265
720,764,3.7933e+02,-114.071030,-4.118824
721,765,3.7982e+02,-114.240899,-4.132502
722,766,3.8032e+02,-114.388523,-4.134022
723,767,3.8082e+02,-114.554348,-4.152258
724,768,3.8131e+02,-114.663549,-4.159857
725,769,3.8181e+02,-114.819262,-4.166696
726,770,3.8231e+02,-114.997220,-4.182653
727,771,3.8280e+02,-115.112489,-4.184172
728,772,3.8330e+02,-115.270224,-4.192531
729,773,3.8379e+02,-115.427959,-4.204689
730,774,3.8429e+02,-115.696919,-4.218366
731,775,3.8479e+02,-115.723208,-4.219886
732,776,3.8528e+02,-115.884988,-4.230524
733,777,3.8578e+02,-116.034634,-4.244201
734,778,3.8628e+02,-116.172147,-4.251040
735,779,3.8677e+02,-116.323816,-4.263198
736,780,3.8727e+02,-116.477507,-4.269277
737,781,3.8777e+02,-116.637264,-4.278395
738,782,3.8826e+02,-116.784889,-4.291313
739,783,3.8876e+02,-116.930491,-4.301951
740,784,3.8926e+02,-117.086204,-4.303471
741,785,3.8975e+02,-117.270228,-4.315628
742,786,3.9025e+02,-117.363252,-4.327786
743,787,3.9075e+02,-117.523010,-4.327786
744,788,3.9124e+02,-117.668611,-4.336145
745,789,3.9174e+02,-117.830391,-4.345263
746,790,3.9224e+02,-117.923415,-4.357421
747,791,3.9273e+02,-118.101373,-4.361220
748,792,3.9323e+02,-118.255064,-4.373378
749,793,3.9372e+02,-118.433022,-4.381736
750,794,3.9422e+02,-118.566490,-4.387055
751,795,3.9472e+02,-118.732315,-4.389335
752,796,3.9521e+02,-118.859716,-4.397693
753,797,3.9571e+02,-119.015429,-4.410611
754,798,3.9621e+02,-119.159009,-4.421249
755,799,3.9670e+02,-119.310678,-4.422769
756,800,3.9720e+02,-119.432013,-4.434167
757,801,3.9770e+02,-119.618060,-4.439486
758,802,3.9819e+02,-119.759617,-4.453163
759,803,3.9869e+02,-119.905219,-4.463041
760,804,3.9919e+02,-120.075088,-4.474439
761,805,3.9968e+02,-120.204512,-4.478998
762,806,4.0018e+02,-120.358203,-4.487357
763,807,4.0068e+02,-120.532116,-4.493436
764,808,4.0117e+02,-120.604917,-4.510153
765,809,4.0167e+02,-120.823320,-4.512432
766,810,4.0217e+02,-120.974989,-4.529909
767,811,4.0266e+02,-121.132724,-4.537508
768,812,4.0316e+02,-121.197436,-4.542827
769,813,4.0365e+02,-121.391572,-4.550425
770,814,4.0415e+02,-121.579641,-4.565623
771,815,4.0465e+02,-121.700976,-4.567902
772,816,4.0514e+02,-121.834445,-4.586139
773,817,4.0564e+02,-122.008358,-4.583859
774,818,4.0614e+02,-122.151938,-4.589178
775,819,4.0663e+02,-122.253050,-4.597537
776,820,4.0713e+02,-122.457297,-4.617293
777,821,4.0763e+02,-122.610988,-4.624132
778,822,4.0812e+02,-122.760635,-4.630211
779,823,4.0862e+02,-122.902192,-4.637809
780,824,4.0912e+02,-123.080150,-4.644648
781,825,4.0961e+02,-123.195418,-4.648447
782,826,4.1011e+02,-123.343043,-4.663645
783,827,4.1061e+02,-123.500778,-4.667444
784,828,4.1110e+02,-123.634246,-4.672763
785,829,4.1160e+02,-123.874894,-4.677322
786,830,4.1210e+02,-123.945673,-4.689480
787,831,4.1259e+02,-124.087230,-4.695559
788,832,4.1309e+02,-124.246988,-4.693279
789,833,4.1358e+02,-124.370345,-4.716075
790,834,4.1408e+02,-124.455280,-4.719114
791,835,4.1458e+02,-124.722217,-4.733552
792,836,4.1507e+02,-124.843551,-4.741150
793,837,4.1557e+02,-125.005331,-4.743430
794,838,4.1607e+02,-125.132733,-4.748749
795,839,4.1656e+02,-125.361247,-4.764706
796,840,4.1706e+02,-125.415848,-4.773824
797,841,4.1756e+02,-125.587739,-4.783703
798,842,4.1805e+02,-125.757608,-4.789022
799,843,4.1855e+02,-125.907255,-4.799660
800,844,4.1905e+02,-126.054879,-4.804979
801,845,4.1954e+02,-126.188347,-4.817896
802,846,4.2004e+02,-126.362261,-4.820936
803,847,4.2054e+02,-126.485618,-4.837653
804,848,4.2103e+02,-126.643353,-4.842972
805,849,4.2153e+02,-126.780866,-4.852850
806,850,4.2202e+02,-126.936579,-4.860448
807,851,4.2252e+02,-127.070048,-4.861968
808,852,4.2302e+02,-127.233850,-4.879445
809,853,4.2351e+02,-127.377430,-4.877925
810,854,4.2401e+02,-127.537187,-4.893122
811,855,4.2451e+02,-127.682789,-4.904520
812,856,4.2500e+02,-127.836480,-4.909839
813,857,4.2550e+02,-128.008371,-4.915918
814,858,4.2600e+02,-128.127684,-4.924277
815,859,4.2649e+02,-128.289464,-4.934155
816,860,4.2699e+02,-128.433044,-4.940234
817,861,4.2749e+02,-128.615046,-4.938714
818,862,4.2798e+02,-128.702003,-4.950112
819,863,4.2848e+02,-128.898161,-4.962270
820,864,4.2898e+02,-129.035674,-4.970628
821,865,4.2947e+02,-129.185320,-4.972148
822,866,4.2997e+02,-129.294522,-4.977467
823,867,4.3047e+02,-129.411812,-4.998743
824,868,4.3096e+02,-129.660549,-5.001783
825,869,4.3146e+02,-129.773795,-5.001023
826,870,4.3195e+02,-129.927486,-5.010901
827,871,4.3245e+02,-130.075110,-5.020019
828,872,4.3295e+02,-130.206556,-5.024578
829,873,4.3344e+02,-130.376425,-5.041295
830,874,4.3394e+02,-130.540227,-5.048894
831,875,4.3444e+02,-130.665607,-5.050414
832,876,4.3493e+02,-130.819298,-5.066371
833,877,4.3543e+02,-130.981078,-5.066371
834,878,4.3593e+02,-131.126680,-5.083847
835,879,4.3642e+02,-131.272282,-5.091446
836,880,4.3692e+02,-131.432039,-5.096005
837,881,4.3742e+02,-131.573597,-5.109683
838,882,4.3791e+02,-131.696954,-5.118041
839,883,4.3841e+02,-131.862778,-5.119561
840,884,4.3891e+02,-131.994224,-5.124880
841,885,4.3940e+02,-132.156004,-5.140077
842,886,4.3990e+02,-132.289473,-5.145396
843,887,4.4040e+02,-132.479564,-5.158314
844,888,4.4089e+02,-132.621122,-5.162873
845,889,4.4139e+02,-132.799080,-5.167432
846,890,4.4188e+02,-132.950748,-5.180350
847,891,4.4238e+02,-133.057928,-5.183389
848,892,4.4288e+02,-133.219707,-5.181869
849,893,4.4337e+02,-133.389576,-5.197067
850,894,4.4387e+02,-133.504845,-5.205425
851,895,4.4437e+02,-133.644380,-5.213024
852,896,4.4486e+02,-133.806160,-5.219863
853,897,4.4536e+02,-133.969962,-5.219103
854,898,4.4586e+02,-134.105453,-5.232780
855,899,4.4635e+02,-134.228810,-5.232020
856,900,4.4685e+02,-134.386545,-5.250257
857,901,4.4735e+02,-134.489680,-5.257856
858,902,4.4784e+02,-134.722239,-5.261655
859,903,4.4834e+02,-134.881996,-5.270773
860,904,4.4884e+02,-135.003331,-5.276852
861,905,4.4933e+02,-135.201512,-5.281411
862,906,4.4983e+02,-135.290491,-5.289770
863,907,4.5033e+02,-135.436093,-5.304967
864,908,4.5082e+02,-135.587761,-5.303447
865,909,4.5132e+02,-135.741452,-5.317125
866,910,4.5181e+02,-135.965922,-5.329282
867,911,4.5231e+02,-136.036701,-5.333842
868,912,4.5281e+02,-136.192414,-5.341440
869,913,4.5330e+02,-136.362283,-5.350559
870,914,4.5380e+02,-136.520018,-5.358157
871,915,4.5430e+02,-136.673709,-5.367275
872,916,4.5479e+02,-136.780888,-5.379433
873,917,4.5529e+02,-136.970980,-5.379433
874,918,4.5579e+02,-137.096359,-5.390831
875,919,4.5628e+02,-137.248028,-5.399190
876,920,4.5678e+02,-137.409808,-5.405269
877,921,4.5728e+02,-137.553387,-5.418186
878,922,4.5777e+02,-137.648433,-5.425785
879,923,4.5827e+02,-137.828413,-5.428064
880,924,4.5877e+02,-138.000304,-5.433383
881,925,4.5926e+02,-138.162084,-5.442502
882,926,4.5976e+02,-138.303642,-5.450860
883,927,4.6026e+02,-138.368354,-5.455419
884,928,4.6075e+02,-138.627202,-5.466057
885,929,4.6125e+02,-138.722247,-5.475176
886,930,4.6175e+02,-138.906272,-5.466817
887,931,4.6224e+02,-139.019518,-5.485814
888,932,4.6274e+02,-139.161075,-5.497212
889,933,4.6323e+02,-139.371389,-5.498731
890,934,4.6373e+02,-139.484635,-5.510889
891,935,4.6423e+02,-139.628215,-5.509369
892,936,4.6472e+02,-139.777861,-5.518488
893,937,4.6522e+02,-139.929530,-5.528366
894,938,4.6572e+02,-140.079177,-5.536724
895,939,4.6621e+02,-140.259157,-5.546603
896,940,4.6671e+02,-140.378469,-5.547362
897,941,4.6721e+02,-140.515982,-5.563320
898,942,4.6770e+02,-140.675740,-5.571678
899,943,4.6820e+02,-140.815275,-5.571678
900,944,4.6870e+02,-140.934588,-5.586875
901,945,4.6919e+02,-141.116590,-5.595234
902,946,4.6969e+02,-141.282415,-5.599033
903,947,4.7019e+02,-141.432061,-5.599033
904,948,4.7068e+02,-141.595863,-5.617270
905,949,4.7118e+02,-141.729332,-5.628668
906,950,4.7168e+02,-141.878978,-5.631707
907,951,4.7217e+02,-142.032669,-5.646144
908,952,4.7267e+02,-142.166138,-5.645384
909,953,4.7316e+02,-142.311740,-5.655263
910,954,4.7366e+02,-142.550365,-5.659062
911,955,4.7416e+02,-142.635299,-5.662101
912,956,4.7465e+02,-142.750568,-5.678818
913,957,4.7515e+02,-142.910325,-5.681098
914,958,4.7565e+02,-143.064016,-5.683377
915,959,4.7614e+02,-143.229841,-5.691736
916,960,4.7664e+02,-143.343087,-5.704654
917,961,4.7714e+02,-143.508911,-5.705413
918,962,4.7763e+02,-143.682825,-5.720611
919,963,4.7813e+02,-143.808204,-5.719851
920,964,4.7863e+02,-143.943695,-5.726690
921,965,4.7912e+02,-144.158053,-5.737328
922,966,4.7962e+02,-144.253099,-5.738847
923,967,4.8012e+02,-144.402745,-5.751765
924,968,4.8061e+02,-144.564525,-5.751765
925,969,4.8111e+02,-144.730350,-5.763923
926,970,4.8161e+02,-144.859774,-5.760883
927,971,4.8210e+02,-144.989198,-5.773801
928,972,4.8260e+02,-145.161089,-5.784439
929,973,4.8309e+02,-145.294557,-5.794317
930,974,4.8359e+02,-145.446226,-5.801916
931,975,4.8409e+02,-145.601939,-5.804195
932,976,4.8458e+02,-145.757652,-5.820152
933,977,4.8508e+02,-146.000322,-5.826231
934,978,4.8558e+02,-146.024589,-5.834590
935,979,4.8607e+02,-146.222769,-5.844468
936,980,4.8657e+02,-146.364327,-5.847507
937,981,4.8707e+02,-146.493751,-5.858145
938,982,4.8756e+02,-146.629242,-5.868783
939,983,4.8806e+02,-146.821355,-5.868783
940,984,4.8856e+02,-146.946735,-5.883221
941,985,4.8905e+02,-147.090314,-5.889300
942,986,4.8955e+02,-147.244005,-5.889300
943,987,4.9005e+02,-147.415896,-5.906017
944,988,4.9054e+02,-147.561498,-5.908296
945,989,4.9104e+02,-147.694967,-5.916655
946,990,4.9154e+02,-147.848658,-5.918174
947,991,4.9203e+02,-148.010438,-5.928053
948,992,4.9253e+02,-148.133795,-5.934131
949,993,4.9302e+02,-148.285464,-5.945529
950,994,4.9352e+02,-148.348153,-5.950848
951,995,4.9402e+02,-148.613068,-5.953888
952,996,4.9451e+02,-148.730358,-5.966046
953,997,4.9501e+02,-148.886072,-5.968325
954,998,4.9551e+02,-149.021562,-5.968325
955,999,4.9600e+02,-149.235921,-5.977444
956,1000,4.9650e+02,-149.349167,-5.984282
957,1001,4.9700e+02,-149.486680,-5.996440
958,1002,4.9749e+02,-149.620148,-5.996440
959,1003,4.9799e+02,-149.808217,-6.004799
960,1004,4.9849e+02,-149.931574,-6.013157
961,1005,4.9898e+02,-150.054932,-6.017716
962,1006,4.9948e+02,-150.247045,-6.027594
963,1007,4.9998e+02,-150.402758,-6.038232
964,1008,5.0047e+02,-150.534205,-6.046591
965,1009,5.0097e+02,-150.382536,-6.043551
966,1010,5.0146e+02,-150.263223,-6.040512
967,1011,5.0196e+02,-150.075154,-6.037473
968,1012,5.0246e+02,-149.925508,-6.030634
969,1013,5.0295e+02,-149.783950,-6.031394
970,1014,5.0345e+02,-149.622170,-6.027594
971,1015,5.0395e+02,-149.490724,-6.026075
972,1016,5.0444e+02,-149.337033,-6.025315
973,1017,5.0494e+02,-149.183342,-6.016956
974,1018,5.0544e+02,-149.033696,-6.011637
975,1019,5.0593e+02,-148.900227,-6.011637
976,1020,5.0643e+02,-148.760692,-6.003279
977,1021,5.0693e+02,-148.477577,-6.000999
978,1022,5.0742e+02,-148.471511,-6.000239
979,1023,5.0792e+02,-148.305686,-5.990361
980,1024,5.0842e+02,-148.127728,-5.982003
981,1025,5.0891e+02,-147.998304,-5.985042
982,1026,5.0941e+02,-147.885058,-5.973644
983,1027,5.0991e+02,-147.705078,-5.970605
984,1028,5.1040e+02,-147.565543,-5.975164
985,1029,5.1090e+02,-147.393652,-5.961486
986,1030,5.1139e+02,-147.262206,-5.963006
987,1031,5.1189e+02,-147.064025,-5.958447
988,1032,5.1239e+02,-146.966957,-5.958447
989,1033,5.1288e+02,-146.809222,-5.942490
990,1034,5.1338e+02,-146.655531,-5.941730
991,1035,5.1388e+02,-146.499818,-5.931092
992,1036,5.1437e+02,-146.348149,-5.926533
993,1037,5.1487e+02,-146.186369,-5.922734
994,1038,5.1537e+02,-146.174236,-5.918934
995,1039,5.1586e+02,-145.899210,-5.915135
996,1040,5.1636e+02,-145.753608,-5.908296
997,1041,5.1686e+02,-145.624184,-5.907536
998,1042,5.1735e+02,-145.413870,-5.906017
999,1043,5.1785e+02,-145.195467,-5.906017
1000,1044,5.1835e+02,-145.183333,-5.893099
1001,1045,5.1884e+02,-145.003353,-5.893859
1002,1046,5.1934e+02,-144.847640,-5.887020
1003,1047,5.1984e+02,-144.724283,-5.887780
1004,1048,5.2033e+02,-144.560481,-5.875622
1005,1049,5.2083e+02,-144.416901,-5.874862
1006,1050,5.2133e+02,-144.245010,-5.872583
1007,1051,5.2182e+02,-144.089297,-5.864984
1008,1052,5.2232e+02,-143.961895,-5.862705
1009,1053,5.2281e+02,-143.830449,-5.854346
1010,1054,5.2331e+02,-143.664624,-5.852067
1011,1055,5.2381e+02,-143.523067,-5.855106
1012,1056,5.2430e+02,-143.365331,-5.837629
1013,1057,5.2480e+02,-143.229841,-5.846748
1014,1058,5.2530e+02,-143.035705,-5.833070
1015,1059,5.2579e+02,-142.916392,-5.826991
1016,1060,5.2629e+02,-142.835502,-5.824712
1017,1061,5.2679e+02,-142.631255,-5.815593
1018,1062,5.2728e+02,-142.473520,-5.818633
1019,1063,5.2778e+02,-142.325895,-5.806475
1020,1064,5.2828e+02,-142.158049,-5.804195
1021,1065,5.2877e+02,-142.044803,-5.790518
1022,1066,5.2927e+02,-141.909312,-5.788238
1023,1067,5.2977e+02,-141.721243,-5.784439
1024,1068,5.3026e+02,-141.587774,-5.773801
1025,1069,5.3076e+02,-141.432061,-5.771521
1026,1070,5.3125e+02,-141.284437,-5.766962
1027,1071,5.3175e+02,-141.138835,-5.765442
1028,1072,5.3225e+02,-140.964922,-5.754804
1029,1073,5.3274e+02,-140.849653,-5.748726
1030,1074,5.3324e+02,-140.669673,-5.750245
1031,1075,5.3374e+02,-140.524071,-5.750245
1032,1076,5.3423e+02,-140.394647,-5.740367
1033,1077,5.3473e+02,-140.297579,-5.732768
1034,1078,5.3523e+02,-140.075132,-5.735048
1035,1079,5.3572e+02,-139.933575,-5.727449
1036,1080,5.3622e+02,-139.773817,-5.719091
1037,1081,5.3672e+02,-139.622148,-5.718331
1038,1082,5.3721e+02,-139.484635,-5.713012
1039,1083,5.3771e+02,-139.330944,-5.715292
1040,1084,5.3821e+02,-139.167142,-5.713012
1041,1085,5.3870e+02,-139.023563,-5.702374
1042,1086,5.3920e+02,-138.912339,-5.699335
1043,1087,5.3970e+02,-138.602935,-5.687937
1044,1088,5.4019e+02,-138.570579,-5.689456
1045,1089,5.4069e+02,-138.447222,-5.680338
1046,1090,5.4118e+02,-138.291508,-5.680338
1047,1091,5.4168e+02,-138.129728,-5.673499
1048,1092,5.4218e+02,-137.984126,-5.667420
1049,1093,5.4267e+02,-137.955815,-5.659822
1050,1094,5.4317e+02,-137.696967,-5.652983
1051,1095,5.4367e+02,-137.535187,-5.646144
1052,1096,5.4416e+02,-137.403741,-5.637786
1053,1097,5.4466e+02,-137.272295,-5.632467
1054,1098,5.4516e+02,-137.070070,-5.631707
1055,1099,5.4565e+02,-136.920423,-5.624868
1056,1100,5.4615e+02,-136.825378,-5.623349
1057,1101,5.4665e+02,-136.653487,-5.608911
1058,1102,5.4714e+02,-136.487662,-5.600553
1059,1103,5.4764e+02,-136.313749,-5.602072
1060,1104,5.4814e+02,-136.214658,-5.595994
1061,1105,5.4863e+02,-136.067034,-5.584596
1062,1106,5.4913e+02,-135.909299,-5.577757
1063,1107,5.4963e+02,-135.737408,-5.586115
1064,1108,5.5012e+02,-135.618095,-5.580796
1065,1109,5.5062e+02,-135.428004,-5.575477
1066,1110,5.5112e+02,-135.290491,-5.569398
1067,1111,5.5161e+02,-135.169156,-5.562560
1068,1112,5.5211e+02,-134.985131,-5.557241
1069,1113,5.5260e+02,-134.853685,-5.553441
1070,1114,5.5310e+02,-134.712127,-5.552681
1071,1115,5.5360e+02,-134.461368,-5.545843
1072,1116,5.5409e+02,-134.443168,-5.546603
1073,1117,5.5459e+02,-134.249032,-5.535205
1074,1118,5.5509e+02,-134.137809,-5.532165
1075,1119,5.5558e+02,-133.969962,-5.522287
1076,1120,5.5608e+02,-133.796048,-5.514688
1077,1121,5.5658e+02,-133.644380,-5.515448
1078,1122,5.5707e+02,-133.494733,-5.515448
1079,1123,5.5757e+02,-133.377443,-5.506330
1080,1124,5.5807e+02,-133.235885,-5.491893
1081,1125,5.5856e+02,-133.031638,-5.492652
1082,1126,5.5906e+02,-132.910303,-5.485054
1083,1127,5.5956e+02,-132.780879,-5.480495
1084,1128,5.6005e+02,-132.629211,-5.475176
1085,1129,5.6055e+02,-132.455297,-5.466057
1086,1130,5.6104e+02,-132.301606,-5.468337
1087,1131,5.6154e+02,-132.249028,-5.456179
1088,1132,5.6204e+02,-132.097359,-5.453140
1089,1133,5.6253e+02,-131.856712,-5.444781
1090,1134,5.6303e+02,-131.711110,-5.433383
1091,1135,5.6353e+02,-131.569552,-5.435663
1092,1136,5.6402e+02,-131.423950,-5.416666
1093,1137,5.6452e+02,-131.290482,-5.419706
1094,1138,5.6502e+02,-131.102413,-5.415147
1095,1139,5.6551e+02,-130.972989,-5.411347
1096,1140,5.6601e+02,-130.819298,-5.399190
1097,1141,5.6651e+02,-130.667629,-5.397670
1098,1142,5.6700e+02,-130.520005,-5.396150
1099,1143,5.6750e+02,-130.333958,-5.392351
1100,1144,5.6800e+02,-130.253068,-5.384752
1101,1145,5.6849e+02,-130.073088,-5.390071
1102,1146,5.6899e+02,-129.915352,-5.367275
1103,1147,5.6949e+02,-129.794017,-5.369555
1104,1148,5.6998e+02,-129.652460,-5.369555
1105,1149,5.7048e+02,-129.476524,-5.370315
1106,1150,5.7098e+02,-129.316767,-5.358157
1107,1151,5.7147e+02,-129.183298,-5.348279
1108,1152,5.7197e+02,-129.045785,-5.345999
1109,1153,5.7246e+02,-128.918383,-5.349799
1110,1154,5.7296e+02,-128.710092,-5.337641
1111,1155,5.7346e+02,-128.584712,-5.334601
1112,1156,5.7395e+02,-128.443155,-5.329282
1113,1157,5.7445e+02,-128.281375,-5.325483
1114,1158,5.7495e+02,-128.149929,-5.312566
1115,1159,5.7544e+02,-128.006349,-5.306487
1116,1160,5.7594e+02,-127.840525,-5.305727
1117,1161,5.7644e+02,-127.711101,-5.291289
1118,1162,5.7693e+02,-127.533143,-5.287490
1119,1163,5.7743e+02,-127.381474,-5.285970
1120,1164,5.7793e+02,-127.215650,-5.280651
1121,1165,5.7842e+02,-127.049825,-5.271533
1122,1166,5.7892e+02,-126.934557,-5.263175
1123,1167,5.7942e+02,-126.782888,-5.258615
1124,1168,5.7991e+02,-126.653464,-5.251777
1125,1169,5.8041e+02,-126.493707,-5.242658
1126,1170,5.8090e+02,-126.344060,-5.238099
1127,1171,5.8140e+02,-126.180258,-5.234300
1128,1172,5.8190e+02,-126.054879,-5.231260
1129,1173,5.8239e+02,-125.882988,-5.225941
1130,1174,5.8289e+02,-125.735363,-5.216823
1131,1175,5.8339e+02,-125.593806,-5.212264
1132,1176,5.8388e+02,-125.442137,-5.213024
1133,1177,5.8438e+02,-125.256090,-5.207705
1134,1178,5.8488e+02,-125.116555,-5.198586
1135,1179,5.8537e+02,-125.031621,-5.193267
1136,1180,5.8587e+02,-124.831418,-5.189468
1137,1181,5.8637e+02,-124.592793,-5.182629
1138,1182,5.8686e+02,-124.544259,-5.173511
1139,1183,5.8736e+02,-124.380456,-5.168952
1140,1184,5.8786e+02,-124.230810,-5.168192
1141,1185,5.8835e+02,-124.081164,-5.159074
1142,1186,5.8885e+02,-123.990162,-5.154514
1143,1187,5.8935e+02,-123.818271,-5.148436
1144,1188,5.8984e+02,-123.642335,-5.144636
1145,1189,5.9034e+02,-123.490667,-5.141597
1146,1190,5.9084e+02,-123.341020,-5.136278
1147,1191,5.9133e+02,-123.195418,-5.125640
1148,1192,5.9183e+02,-123.047794,-5.118041
1149,1193,5.9232e+02,-122.835458,-5.110443
1150,1194,5.9282e+02,-122.756590,-5.108163
1151,1195,5.9332e+02,-122.600877,-5.102844
1152,1196,5.9381e+02,-122.475498,-5.090686
1153,1197,5.9431e+02,-122.307651,-5.083088
1154,1198,5.9481e+02,-122.180249,-5.084607
1155,1199,5.9530e+02,-122.038692,-5.080048
1156,1200,5.9580e+02,-121.858712,-5.071690
1157,1201,5.9630e+02,-121.711088,-5.072450
1158,1202,5.9679e+02,-121.579641,-5.055733
1159,1203,5.9729e+02,-121.460329,-5.043575
1160,1204,5.9779e+02,-121.211592,-5.042055
1161,1205,5.9828e+02,-121.090257,-5.036736
1162,1206,5.9878e+02,-120.968922,-5.034457
1163,1207,5.9928e+02,-120.811187,-5.027618
1164,1208,5.9977e+02,-120.661540,-5.021539
1165,1209,6.0027e+02,-120.530094,-5.016980
1166,1210,6.0076e+02,-120.402692,-5.016980
1167,1211,6.0126e+02,-120.236868,-5.009381
1168,1212,6.0176e+02,-120.060932,-4.998743
1169,1213,6.0225e+02,-119.893086,-5.002542
1170,1214,6.0275e+02,-119.757595,-4.994184
1171,1215,6.0325e+02,-119.518969,-4.978987
1172,1216,6.0374e+02,-119.456280,-4.976707
1173,1217,6.0424e+02,-119.300567,-4.972908
1174,1218,6.0474e+02,-119.171143,-4.969868
1175,1219,6.0523e+02,-118.974984,-4.954671
1176,1220,6.0573e+02,-118.888028,-4.956951
1177,1221,6.0623e+02,-118.740404,-4.949352
1178,1222,6.0672e+02,-118.568512,-4.951632
1179,1223,6.0722e+02,-118.428977,-4.949352
1180,1224,6.0772e+02,-118.271242,-4.932635
1181,1225,6.0821e+02,-118.121595,-4.930356
1182,1226,6.0871e+02,-117.967904,-4.920477
1183,1227,6.0921e+02,-117.791969,-4.911359
1184,1228,6.0970e+02,-117.680745,-4.911359
1185,1229,6.1020e+02,-117.541210,-4.905280
1186,1230,6.1070e+02,-117.357185,-4.896922
1187,1231,6.1119e+02,-117.245961,-4.888563
1188,1232,6.1169e+02,-117.128671,-4.881725
1189,1233,6.1218e+02,-116.928468,-4.868807
1190,1234,6.1268e+02,-116.776800,-4.871086
1191,1235,6.1318e+02,-116.619064,-4.862728
1192,1236,6.1367e+02,-116.493685,-4.855889
1193,1237,6.1417e+02,-116.342016,-4.852090
1194,1238,6.1467e+02,-116.184281,-4.835373
1195,1239,6.1516e+02,-116.030590,-4.836133
1196,1240,6.1566e+02,-115.889032,-4.833093
1197,1241,6.1616e+02,-115.743430,-4.828534
1198,1242,6.1665e+02,-115.573561,-4.823975
1199,1243,6.1715e+02,-115.460315,-4.815617
1200,1244,6.1765e+02,-115.268202,-4.805738
1201,1245,6.1814e+02,-115.138778,-4.804979
1202,1246,6.1864e+02,-115.003287,-4.802699
1203,1247,6.1914e+02,-114.811173,-4.793581
1204,1248,6.1963e+02,-114.675683,-4.782943
1205,1249,6.2013e+02,-114.530081,-4.776104
1206,1250,6.2063e+02,-114.384479,-4.776104
1207,1251,6.2112e+02,-114.238877,-4.776104
1208,1252,6.2162e+02,-114.103386,-4.766986
1209,1253,6.2211e+02,-113.925428,-4.760907
1210,1254,6.2261e+02,-113.858694,-4.753308
1211,1255,6.2311e+02,-113.648380,-4.754828
1212,1256,6.2360e+02,-113.506823,-4.743430
1213,1257,6.2410e+02,-113.328865,-4.732792
1214,1258,6.2460e+02,-113.203485,-4.722914
1215,1259,6.2509e+02,-113.061928,-4.717595
1216,1260,6.2559e+02,-112.898126,-4.720634
1217,1261,6.2609e+02,-112.750502,-4.700878
1218,1262,6.2658e+02,-112.606922,-4.703917
1219,1263,6.2708e+02,-112.447164,-4.688720
1220,1264,6.2758e+02,-112.283362,-4.684161
1221,1265,6.2807e+02,-112.137760,-4.675802
1222,1266,6.2857e+02,-111.990136,-4.668964
1223,1267,6.2907e+02,-111.848578,-4.668964
1224,1268,6.2956e+02,-111.698932,-4.658326
1225,1269,6.3006e+02,-111.613997,-4.646928
1226,1270,6.3055e+02,-111.419862,-4.643888
1227,1271,6.3105e+02,-111.241904,-4.644648
1228,1272,6.3155e+02,-111.120569,-4.630971
1229,1273,6.3204e+02,-110.942611,-4.621092
1230,1274,6.3254e+02,-110.809142,-4.621852
1231,1275,6.3304e+02,-110.651407,-4.611974
1232,1276,6.3353e+02,-110.404693,-4.612734
1233,1277,6.3403e+02,-110.364248,-4.602096
1234,1278,6.3453e+02,-110.216623,-4.599816
1235,1279,6.3502e+02,-110.062932,-4.595257
1236,1280,6.3552e+02,-109.919353,-4.589178
1237,1281,6.3602e+02,-109.765662,-4.577780
1238,1282,6.3651e+02,-109.648371,-4.573221
1239,1283,6.3701e+02,-109.470413,-4.565623
1240,1284,6.3751e+02,-109.332900,-4.563343
1241,1285,6.3800e+02,-109.161009,-4.554225
1242,1286,6.3850e+02,-108.997207,-4.552705
1243,1287,6.3900e+02,-108.825316,-4.542067
1244,1288,6.3949e+02,-108.724203,-4.531429
1245,1289,6.3999e+02,-108.560401,-4.534468
1246,1290,6.4049e+02,-108.412777,-4.532189
1247,1291,6.4098e+02,-108.261108,-4.520791
1248,1292,6.4148e+02,-108.127640,-4.510153
1249,1293,6.4197e+02,-107.973949,-4.508633
1250,1294,6.4247e+02,-107.814191,-4.498755
1251,1295,6.4297e+02,-107.656456,-4.487357
1252,1296,6.4346e+02,-107.543210,-4.482798
1253,1297,6.4396e+02,-107.423897,-4.475959
1254,1298,6.4446e+02,-107.165049,-4.475199
1255,1299,6.4495e+02,-107.074048,-4.464561
1256,1300,6.4545e+02,-106.922379,-4.447844
1257,1301,6.4595e+02,-106.776778,-4.450884
1258,1302,6.4644e+02,-106.610953,-4.444045
1259,1303,6.4694e+02,-106.477485,-4.431887
1260,1304,6.4744e+02,-106.323794,-4.437206
1261,1305,6.4793e+02,-106.180214,-4.419729
1262,1306,6.4843e+02,-106.044723,-4.416690
1263,1307,6.4893e+02,-105.884966,-4.406052
1264,1308,6.4942e+02,-105.719141,-4.403772
1265,1309,6.4992e+02,-105.543206,-4.391614
1266,1310,6.5041e+02,-105.393559,-4.388575
1267,1311,6.5091e+02,-105.288402,-4.384776
1268,1312,6.5141e+02,-105.134711,-4.374898
1269,1313,6.5190e+02,-104.997198,-4.371858
1270,1314,6.5240e+02,-104.859685,-4.365779
1271,1315,6.5290e+02,-104.705994,-4.358940
1272,1316,6.5339e+02,-104.534103,-4.350582
1273,1317,6.5389e+02,-104.390524,-4.342983
1274,1318,6.5439e+02,-104.236833,-4.341464
1275,1319,6.5488e+02,-104.143809,-4.336904
1276,1320,6.5538e+02,-103.909228,-4.333865
1277,1321,6.5588e+02,-103.751493,-4.328546
1278,1322,6.5637e+02,-103.630158,-4.314109
1279,1323,6.5687e+02,-103.490623,-4.314109
1280,1324,6.5737e+02,-103.302553,-4.308790
1281,1325,6.5786e+02,-103.096284,-4.303471
1282,1326,6.5836e+02,-103.088195,-4.289033
1283,1327,6.5886e+02,-102.885970,-4.279915
1284,1328,6.5935e+02,-102.734301,-4.273076
1285,1329,6.5985e+02,-102.584655,-4.263198
1286,1330,6.6035e+02,-102.439053,-4.257879
1287,1331,6.6084e+02,-102.287384,-4.251040
1288,1332,6.6134e+02,-102.117515,-4.245721
1289,1333,6.6183e+02,-101.973936,-4.241922
1290,1334,6.6233e+02,-101.864734,-4.233563
1291,1335,6.6283e+02,-101.696888,-4.219886
1292,1336,6.6332e+02,-101.527019,-4.210008
1293,1337,6.6382e+02,-101.405684,-4.210768
1294,1338,6.6432e+02,-101.247948,-4.206968
1295,1339,6.6481e+02,-101.090213,-4.195570
1296,1340,6.6531e+02,-100.954722,-4.184932
1297,1341,6.6581e+02,-100.801031,-4.178853
1298,1342,6.6630e+02,-100.653407,-4.172775
1299,1343,6.6680e+02,-100.479494,-4.165936
1300,1344,6.6730e+02,-100.344003,-4.161377
1301,1345,6.6779e+02,-100.218624,-4.156058
1302,1346,6.6829e+02,-100.050777,-4.151498
1303,1347,6.6879e+02,-99.804062,-4.143140
1304,1348,6.6928e+02,-99.755528,-4.144660
1305,1349,6.6978e+02,-99.597793,-4.124903
1306,1350,6.7027e+02,-99.438035,-4.127943
1307,1351,6.7077e+02,-99.326812,-4.120344
1308,1352,6.7127e+02,-99.215588,-4.111986
1309,1353,6.7176e+02,-99.053808,-4.104387
1310,1354,6.7226e+02,-98.837427,-4.102867
1311,1355,6.7276e+02,-98.685759,-4.088430
1312,1356,6.7325e+02,-98.554312,-4.083871
1313,1357,6.7375e+02,-98.412755,-4.077792
1314,1358,6.7425e+02,-98.257042,-4.072473
1315,1359,6.7474e+02,-98.103351,-4.064115
1316,1360,6.7524e+02,-97.963816,-4.056516
1317,1361,6.7574e+02,-97.793947,-4.053476
1318,1362,6.7623e+02,-97.646323,-4.039799
1319,1363,6.7673e+02,-97.508810,-4.029921
1320,1364,6.7723e+02,-97.328829,-4.026121
1321,1365,6.7772e+02,-97.199406,-4.023082
1322,1366,6.7822e+02,-97.065937,-4.011684
1323,1367,6.7872e+02,-96.930446,-4.008645
1324,1368,6.7921e+02,-96.770689,-4.001806
1325,1369,6.7971e+02,-96.637220,-3.986609
1326,1370,6.8021e+02,-96.475440,-3.982809
1327,1371,6.8070e+02,-96.319727,-3.974451
1328,1372,6.8120e+02,-96.143791,-3.956974
1329,1373,6.8169e+02,-96.020434,-3.959254
1330,1374,6.8219e+02,-95.838432,-3.953935
1331,1375,6.8269e+02,-95.676652,-3.943297
1332,1376,6.8318e+02,-95.553295,-3.942537
1333,1377,6.8368e+02,-95.413760,-3.924300
1334,1378,6.8418e+02,-95.260069,-3.925060
1335,1379,6.8467e+02,-95.074022,-3.922780
1336,1380,6.8517e+02,-94.970887,-3.909863
1337,1381,6.8567e+02,-94.849552,-3.903024
1338,1382,6.8616e+02,-94.655416,-3.901504
1339,1383,6.8666e+02,-94.513859,-3.884787
1340,1384,6.8716e+02,-94.350056,-3.886307
1341,1385,6.8765e+02,-94.075031,-3.874149
1342,1386,6.8815e+02,-94.040652,-3.867311
1343,1387,6.8865e+02,-93.921340,-3.864271
1344,1388,6.8914e+02,-93.741359,-3.854393
1345,1389,6.8964e+02,-93.630136,-3.845275
1346,1390,6.9013e+02,-93.474423,-3.852113
1347,1391,6.9063e+02,-93.322754,-3.836156
1348,1392,6.9113e+02,-93.191308,-3.833117
1349,1393,6.9162e+02,-93.017394,-3.827038
1350,1394,6.9212e+02,-92.871792,-3.804242
1351,1395,6.9262e+02,-92.685745,-3.809561
1352,1396,6.9311e+02,-92.608900,-3.795884
1353,1397,6.9361e+02,-92.406675,-3.789805
1354,1398,6.9411e+02,-92.261073,-3.784486
1355,1399,6.9460e+02,-92.101315,-3.773088
1356,1400,6.9510e+02,-91.969869,-3.765489
1357,1401,6.9560e+02,-91.812134,-3.755611
1358,1402,6.9609e+02,-91.652376,-3.748772
1359,1403,6.9659e+02,-91.553286,-3.731296
1360,1404,6.9709e+02,-91.385439,-3.728256
1361,1405,6.9758e+02,-91.219615,-3.725977
1362,1406,6.9808e+02,-91.037612,-3.721417
1363,1407,6.9858e+02,-90.987056,-3.709260
1364,1408,6.9907e+02,-90.756520,-3.699381
1365,1409,6.9957e+02,-90.584629,-3.696342
1366,1410,7.0007e+02,-90.471383,-3.694062
1367,1411,7.0056e+02,-90.331847,-3.687984
1368,1412,7.0106e+02,-90.174112,-3.678105
1369,1413,7.0155e+02,-89.899086,-3.668987
1370,1414,7.0205e+02,-89.921331,-3.670507
1371,1415,7.0255e+02,-89.739328,-3.661388
1372,1416,7.0304e+02,-89.581593,-3.650750
1373,1417,7.0354e+02,-89.440036,-3.640112
1374,1418,7.0404e+02,-89.349034,-3.634793
1375,1419,7.0453e+02,-89.102320,-3.631754
1376,1420,7.0503e+02,-88.940540,-3.624155
1377,1421,7.0553e+02,-88.843472,-3.617316
1378,1422,7.0602e+02,-88.677648,-3.607438
1379,1423,7.0652e+02,-88.509801,-3.599080
1380,1424,7.0702e+02,-88.384421,-3.582363
1381,1425,7.0751e+02,-88.190286,-3.594521
1382,1426,7.0801e+02,-88.087151,-3.573245
1383,1427,7.0851e+02,-87.943571,-3.568685
1384,1428,7.0900e+02,-87.791902,-3.564886
1385,1429,7.0950e+02,-87.682701,-3.551968
1386,1430,7.1000e+02,-87.504743,-3.545890
1387,1431,7.1049e+02,-87.342963,-3.540571
1388,1432,7.1099e+02,-87.191294,-3.526133
1389,1433,7.1148e+02,-87.031537,-3.517775
1390,1434,7.1198e+02,-86.912224,-3.506377
1391,1435,7.1248e+02,-86.677643,-3.501818
1392,1436,7.1297e+02,-86.554286,-3.489660
1393,1437,7.1347e+02,-86.447107,-3.489660
1394,1438,7.1397e+02,-86.287349,-3.475223
1395,1439,7.1446e+02,-86.141747,-3.468384
1396,1440,7.1496e+02,-85.992101,-3.470663
1397,1441,7.1546e+02,-85.846499,-3.454706
1398,1442,7.1595e+02,-85.704941,-3.447868
1399,1443,7.1645e+02,-85.559339,-3.443308
1400,1444,7.1695e+02,-85.401604,-3.431910
1401,1445,7.1744e+02,-85.270158,-3.434190
1402,1446,7.1794e+02,-85.082089,-3.418233
1403,1447,7.1844e+02,-84.918286,-3.411394
1404,1448,7.1893e+02,-84.809085,-3.400756
1405,1449,7.1943e+02,-84.659439,-3.395437
1406,1450,7.1992e+02,-84.495636,-3.389358
1407,1451,7.2042e+02,-84.352057,-3.377960
1408,1452,7.2092e+02,-84.234766,-3.376441
1409,1453,7.2141e+02,-84.064897,-3.370362
1410,1454,7.2191e+02,-83.895028,-3.368082
1411,1455,7.2241e+02,-83.771671,-3.352885
1412,1456,7.2290e+02,-83.620002,-3.350605
1413,1457,7.2340e+02,-83.460245,-3.336168
1414,1458,7.2390e+02,-83.298465,-3.324770
1415,1459,7.2439e+02,-83.156907,-3.326290
1416,1460,7.2489e+02,-82.991083,-3.317172
1417,1461,7.2539e+02,-82.847503,-3.308813
1418,1462,7.2588e+02,-82.720102,-3.297415
1419,1463,7.2638e+02,-82.570455,-3.291336
1420,1464,7.2688e+02,-82.400586,-3.280698
1421,1465,7.2737e+02,-82.267118,-3.266261
1422,1466,7.2787e+02,-82.129605,-3.261702
1423,1467,7.2837e+02,-81.947602,-3.252583
1424,1468,7.2886e+02,-81.804023,-3.250304
1425,1469,7.2936e+02,-81.692799,-3.236626
1426,1470,7.2986e+02,-81.539108,-3.232827
1427,1471,7.3035e+02,-81.371261,-3.225228
1428,1472,7.3085e+02,-81.205437,-3.210031
1429,1473,7.3134e+02,-81.132636,-3.210791
1430,1474,7.3184e+02,-80.904122,-3.196354
1431,1475,7.3234e+02,-80.756498,-3.183436
1432,1476,7.3283e+02,-80.623029,-3.181916
1433,1477,7.3333e+02,-80.483494,-3.177357
1434,1478,7.3383e+02,-80.297447,-3.159880
1435,1479,7.3432e+02,-80.170045,-3.159121
1436,1480,7.3482e+02,-80.028488,-3.146963
1437,1481,7.3532e+02,-79.842441,-3.143163
1438,1482,7.3581e+02,-79.708973,-3.136325
1439,1483,7.3631e+02,-79.575504,-3.123407
1440,1484,7.3681e+02,-79.448102,-3.126447
1441,1485,7.3730e+02,-79.302501,-3.115808
1442,1486,7.3780e+02,-79.106342,-3.107450
1443,1487,7.3830e+02,-78.974896,-3.097572
1444,1488,7.3879e+02,-78.831316,-3.084654
1445,1489,7.3929e+02,-78.693804,-3.087694
1446,1490,7.3978e+02,-78.523935,-3.082375
1447,1491,7.4028e+02,-78.347999,-3.058819
1448,1492,7.4078e+02,-78.220597,-3.049701
1449,1493,7.4127e+02,-78.064884,-3.046661
1450,1494,7.4177e+02,-77.917260,-3.039822
1451,1495,7.4227e+02,-77.785814,-3.032984
1452,1496,7.4276e+02,-77.585611,-3.020826
1453,1497,7.4326e+02,-77.440009,-3.013227
1454,1498,7.4376e+02,-77.324741,-3.007148
1455,1499,7.4425e+02,-77.185206,-2.996510
1456,1500,7.4475e+02,-77.031515,-2.985112
1457,1501,7.4525e+02,-76.877824,-2.977514
1458,1502,7.4574e+02,-76.722111,-2.964596
1459,1503,7.4624e+02,-76.586620,-2.956998
1460,1504,7.4674e+02,-76.410684,-2.950919
1461,1505,7.4723e+02,-76.259016,-2.941800
1462,1506,7.4773e+02,-76.123525,-2.936481
1463,1507,7.4823e+02,-75.967812,-2.928883
1464,1508,7.4872e+02,-75.810076,-2.919764
1465,1509,7.4922e+02,-75.662452,-2.906847
1466,1510,7.4972e+02,-75.539095,-2.895449
1467,1511,7.5021e+02,-75.393493,-2.885571
1468,1512,7.5071e+02,-75.268113,-2.886331
1469,1513,7.5120e+02,-75.104311,-2.881012
1470,1514,7.5170e+02,-74.938487,-2.874933
1471,1515,7.5220e+02,-74.784796,-2.855936
1472,1516,7.5269e+02,-74.635149,-2.852137
1473,1517,7.5319e+02,-74.580549,-2.837699
1474,1518,7.5369e+02,-74.297434,-2.835420
1475,1519,7.5418e+02,-74.176099,-2.833900
1476,1520,7.5468e+02,-74.022408,-2.818703
1477,1521,7.5518e+02,-73.895006,-2.816423
1478,1522,7.5567e+02,-73.719071,-2.804266
1479,1523,7.5617e+02,-73.619980,-2.795147
1480,1524,7.5667e+02,-73.490556,-2.792108
1481,1525,7.5716e+02,-73.306532,-2.780710
1482,1526,7.5766e+02,-73.158908,-2.771592
1483,1527,7.5816e+02,-72.991061,-2.758674
1484,1528,7.5865e+02,-72.875793,-2.755635
1485,1529,7.5915e+02,-72.726146,-2.738918
1486,1530,7.5964e+02,-72.548188,-2.741197
1487,1531,7.6014e+02,-72.398542,-2.726760
1488,1532,7.6064e+02,-72.250918,-2.713082
1489,1533,7.6113e+02,-72.105316,-2.703964
1490,1534,7.6163e+02,-71.959714,-2.695606
1491,1535,7.6213e+02,-71.850512,-2.679648
1492,1536,7.6262e+02,-71.650310,-2.676609
1493,1537,7.6312e+02,-71.492574,-2.667491
1494,1538,7.6362e+02,-71.351017,-2.660652
1495,1539,7.6411e+02,-71.195304,-2.647734
1496,1540,7.6461e+02,-71.025435,-2.653053
1497,1541,7.6511e+02,-70.879833,-2.630258
1498,1542,7.6560e+02,-70.766587,-2.621139
1499,1543,7.6610e+02,-70.614918,-2.616580
1500,1544,7.6660e+02,-70.432916,-2.602143
1501,1545,7.6709e+02,-70.315625,-2.604422
1502,1546,7.6759e+02,-70.147779,-2.591505
1503,1547,7.6809e+02,-70.006221,-2.580107
1504,1548,7.6858e+02,-69.862641,-2.570229
1505,1549,7.6908e+02,-69.696817,-2.563390
1506,1550,7.6958e+02,-69.569415,-2.561110
1507,1551,7.7007e+02,-69.385391,-2.550472
1508,1552,7.7057e+02,-69.266078,-2.539834
1509,1553,7.7106e+02,-69.118454,-2.534515
1510,1554,7.7156e+02,-68.976896,-2.526916
1511,1555,7.7206e+02,-68.837361,-2.516278
1512,1556,7.7255e+02,-68.645247,-2.507160
1513,1557,7.7305e+02,-68.532002,-2.501081
1514,1558,7.7355e+02,-68.362133,-2.486644
1515,1559,7.7404e+02,-68.210464,-2.479805
1516,1560,7.7454e+02,-68.048684,-2.466128
1517,1561,7.7504e+02,-67.971839,-2.456249
1518,1562,7.7553e+02,-67.886904,-2.444092
1519,1563,7.7603e+02,-67.617945,-2.442572
1520,1564,7.7653e+02,-67.472343,-2.433454
1521,1565,7.7702e+02,-67.322697,-2.418256
1522,1566,7.7752e+02,-67.169006,-2.408378
1523,1567,7.7802e+02,-67.003181,-2.406859
1524,1568,7.7851e+02,-66.893980,-2.396220
1525,1569,7.7901e+02,-66.734222,-2.383303
1526,1570,7.7950e+02,-66.572442,-2.370385
1527,1571,7.8000e+02,-66.408640,-2.365826
1528,1572,7.8050e+02,-66.283260,-2.355948
1529,1573,7.8099e+02,-66.111369,-2.338471
1530,1574,7.8149e+02,-65.965767,-2.331632
1531,1575,7.8199e+02,-65.844432,-2.329353
1532,1576,7.8248e+02,-65.678608,-2.320234
1533,1577,7.8298e+02,-65.539073,-2.308836
1534,1578,7.8348e+02,-65.361115,-2.297439
1535,1579,7.8397e+02,-65.207424,-2.289080
1536,1580,7.8447e+02,-65.067889,-2.280722
1537,1581,7.8497e+02,-64.916220,-2.270084
1538,1582,7.8546e+02,-64.788818,-2.256406
1539,1583,7.8596e+02,-64.614905,-2.254886
1540,1584,7.8646e+02,-64.477392,-2.248048
1541,1585,7.8695e+02,-64.329768,-2.241969
1542,1586,7.8745e+02,-64.194277,-2.224492
1543,1587,7.8795e+02,-64.030475,-2.222212
1544,1588,7.8844e+02,-63.880828,-2.217653
1545,1589,7.8894e+02,-63.712982,-2.196377
1546,1590,7.8943e+02,-63.571424,-2.188779
1547,1591,7.8993e+02,-63.425822,-2.184219
1548,1592,7.9043e+02,-63.268087,-2.166743
1549,1593,7.9092e+02,-63.136641,-2.165983
1550,1594,7.9142e+02,-62.978905,-2.153825
1551,1595,7.9192e+02,-62.922282,-2.143947
1552,1596,7.9241e+02,-62.697813,-2.128750
1553,1597,7.9291e+02,-62.550189,-2.125710
1554,1598,7.9341e+02,-62.380320,-2.114312
1555,1599,7.9390e+02,-62.238762,-2.099115
1556,1600,7.9440e+02,-62.085071,-2.084678
1557,1601,7.9490e+02,-61.915202,-2.088477
1558,1602,7.9539e+02,-61.803979,-2.065681
1559,1603,7.9589e+02,-61.636132,-2.057323
1560,1604,7.9639e+02,-61.480419,-2.054283
1561,1605,7.9688e+02,-61.342906,-2.033767
1562,1606,7.9738e+02,-61.219549,-2.031487
1563,1607,7.9788e+02,-61.061813,-2.020089
1564,1608,7.9837e+02,-60.879811,-2.019330
1565,1609,7.9887e+02,-60.720053,-2.006412
1566,1610,7.9937e+02,-60.592651,-1.996534
1567,1611,7.9986e+02,-60.418738,-1.982096
1568,1612,8.0036e+02,-60.285269,-1.965379
1569,1613,8.0085e+02,-60.131579,-1.959301
1570,1614,8.0135e+02,-59.990021,-1.954741
1571,1615,8.0185e+02,-59.848464,-1.941064
1572,1616,8.0234e+02,-59.682639,-1.931186
1573,1617,8.0284e+02,-59.650283,-1.929666
1574,1618,8.0334e+02,-59.377280,-1.914469
1575,1619,8.0383e+02,-59.229655,-1.901551
1576,1620,8.0433e+02,-59.094165,-1.896992
1577,1621,8.0483e+02,-58.946541,-1.886354
1578,1622,8.0532e+02,-58.792850,-1.880275
1579,1623,8.0582e+02,-58.625003,-1.874196
1580,1624,8.0632e+02,-58.485468,-1.855200
1581,1625,8.0681e+02,-58.335821,-1.842282
1582,1626,8.0731e+02,-58.200331,-1.830884
1583,1627,8.0781e+02,-58.054729,-1.822526
1584,1628,8.0830e+02,-57.896993,-1.817207
1585,1629,8.0880e+02,-57.735213,-1.804289
1586,1630,8.0929e+02,-57.601745,-1.795171
1587,1631,8.0979e+02,-57.444009,-1.792891
1588,1632,8.1029e+02,-57.302452,-1.773895
1589,1633,8.1078e+02,-57.134605,-1.763257
1590,1634,8.1128e+02,-57.031471,-1.757178
1591,1635,8.1178e+02,-56.843401,-1.746540
1592,1636,8.1227e+02,-56.693755,-1.735142
1593,1637,8.1277e+02,-56.542086,-1.726023
1594,1638,8.1327e+02,-56.414685,-1.709306
1595,1639,8.1376e+02,-56.341884,-1.702468
1596,1640,8.1426e+02,-56.097192,-1.689550
1597,1641,8.1476e+02,-55.963723,-1.675113
1598,1642,8.1525e+02,-55.795876,-1.670554
1599,1643,8.1575e+02,-55.630052,-1.656116
1600,1644,8.1625e+02,-55.363115,-1.645478
1601,1645,8.1674e+02,-55.369182,-1.640159
1602,1646,8.1724e+02,-55.201335,-1.629521
1603,1647,8.1774e+02,-55.059778,-1.623442
1604,1648,8.1823e+02,-54.906087,-1.608245
1605,1649,8.1873e+02,-54.754418,-1.602926
1606,1650,8.1923e+02,-54.669484,-1.590768
1607,1651,8.1972e+02,-54.451081,-1.581650
1608,1652,8.2022e+02,-54.323679,-1.566453
1609,1653,8.2071e+02,-54.163921,-1.554295
1610,1654,8.2121e+02,-54.020342,-1.557334
1611,1655,8.2171e+02,-53.872717,-1.540617
1612,1656,8.2220e+02,-53.664426,-1.533779
1613,1657,8.2270e+02,-53.565336,-1.520101
1614,1658,8.2320e+02,-53.417711,-1.512503
1615,1659,8.2369e+02,-53.247842,-1.501865
1616,1660,8.2419e+02,-53.110330,-1.487427
1617,1661,8.2469e+02,-52.966750,-1.480588
1618,1662,8.2518e+02,-52.819126,-1.468431
1619,1663,8.2568e+02,-52.657346,-1.450194
1620,1664,8.2618e+02,-52.503655,-1.453993
1621,1665,8.2667e+02,-52.354008,-1.432717
1622,1666,8.2717e+02,-52.206384,-1.422839
1623,1667,8.2767e+02,-52.042582,-1.405362
1624,1668,8.2816e+02,-51.929336,-1.393204
1625,1669,8.2866e+02,-51.763512,-1.384846
1626,1670,8.2915e+02,-51.611843,-1.375728
1627,1671,8.2965e+02,-51.464219,-1.365849
1628,1672,8.3015e+02,-51.355017,-1.355971
1629,1673,8.3064e+02,-51.183126,-1.342294
1630,1674,8.3114e+02,-51.019324,-1.327097
1631,1675,8.3164e+02,-50.889900,-1.323297
1632,1676,8.3213e+02,-50.730142,-1.309620
1633,1677,8.3263e+02,-50.572407,-1.293663
1634,1678,8.3313e+02,-50.420738,-1.294423
1635,1679,8.3362e+02,-50.305470,-1.272387
1636,1680,8.3412e+02,-50.117401,-1.263268
1637,1681,8.3462e+02,-49.975843,-1.261749
1638,1682,8.3511e+02,-49.846419,-1.251111
1639,1683,8.3561e+02,-49.706884,-1.236673
1640,1684,8.3611e+02,-49.565327,-1.221476
1641,1685,8.3660e+02,-49.383324,-1.215397
1642,1686,8.3710e+02,-49.231656,-1.206279
1643,1687,8.3760e+02,-49.065831,-1.191082
1644,1688,8.3809e+02,-48.904051,-1.175884
1645,1689,8.3859e+02,-48.754405,-1.167526
1646,1690,8.3909e+02,-48.618914,-1.161447
1647,1691,8.3958e+02,-48.453090,-1.145490
1648,1692,8.4008e+02,-48.325688,-1.131812
1649,1693,8.4057e+02,-48.194242,-1.126493
1650,1694,8.4107e+02,-47.917194,-1.115095
1651,1695,8.4157e+02,-47.907082,-1.093059
1652,1696,8.4206e+02,-47.733169,-1.089260
1653,1697,8.4256e+02,-47.585545,-1.077862
1654,1698,8.4306e+02,-47.407587,-1.065705
1655,1699,8.4355e+02,-47.320630,-1.045948
1656,1700,8.4405e+02,-47.128517,-1.043669
1657,1701,8.4455e+02,-46.936403,-1.033031
1658,1702,8.4504e+02,-46.835290,-1.017833
1659,1703,8.4554e+02,-46.683622,-1.000357
1660,1704,8.4604e+02,-46.540042,-0.988199
1661,1705,8.4653e+02,-46.258949,-0.976041
1662,1706,8.4703e+02,-46.252883,-0.968442
1663,1707,8.4753e+02,-46.101214,-0.957044
1664,1708,8.4802e+02,-45.947523,-0.949446
1665,1709,8.4852e+02,-45.775632,-0.940328
1666,1710,8.4901e+02,-45.723053,-0.925130
1667,1711,8.4951e+02,-45.496561,-0.912213
1668,1712,8.5001e+02,-45.338826,-0.897015
1669,1713,8.5050e+02,-45.191202,-0.886377
1670,1714,8.5100e+02,-45.045600,-0.877259
1671,1715,8.5150e+02,-44.889887,-0.866621
1672,1716,8.5199e+02,-44.713951,-0.856743
1673,1717,8.5249e+02,-44.572394,-0.842305
1674,1718,8.5299e+02,-44.430836,-0.836986
1675,1719,8.5348e+02,-44.287256,-0.824829
1676,1720,8.5398e+02,-44.133566,-0.807352
1677,1721,8.5448e+02,-44.000097,-0.799753
1678,1722,8.5497e+02,-43.832250,-0.791395
1679,1723,8.5547e+02,-43.694737,-0.777717
1680,1724,8.5597e+02,-43.553180,-0.761000
1681,1725,8.5646e+02,-43.371178,-0.747323
1682,1726,8.5696e+02,-43.276132,-0.740484
1683,1727,8.5746e+02,-43.086040,-0.726047
1684,1728,8.5795e+02,-42.936394,-0.708570
1685,1729,8.5845e+02,-42.786748,-0.700971
1686,1730,8.5895e+02,-42.651257,-0.689574
1687,1731,8.5944e+02,-42.511722,-0.681975
1688,1732,8.5994e+02,-42.364098,-0.662978
1689,1733,8.6043e+02,-42.224562,-0.658419
1690,1734,8.6093e+02,-42.097161,-0.636383
1691,1735,8.6143e+02,-41.919203,-0.623466
1692,1736,8.6192e+02,-41.749334,-0.612828
1693,1737,8.6242e+02,-41.605754,-0.599150
1694,1738,8.6292e+02,-41.448019,-0.590792
1695,1739,8.6341e+02,-41.284216,-0.574835
1696,1740,8.6391e+02,-41.146704,-0.564197
1697,1741,8.6441e+02,-41.003124,-0.549759
1698,1742,8.6490e+02,-40.873700,-0.536082
1699,1743,8.6540e+02,-40.709898,-0.520884
1700,1744,8.6590e+02,-40.582496,-0.512526
1701,1745,8.6639e+02,-40.463183,-0.490490
1702,1746,8.6689e+02,-40.277136,-0.492010
1703,1747,8.6739e+02,-40.107267,-0.473013
1704,1748,8.6788e+02,-39.945488,-0.461615
1705,1749,8.6838e+02,-39.828197,-0.447178
1706,1750,8.6888e+02,-39.632039,-0.437300
1707,1751,8.6937e+02,-39.504637,-0.423622
1708,1752,8.6987e+02,-39.371169,-0.409945
1709,1753,8.7036e+02,-39.203322,-0.403866
1710,1754,8.7086e+02,-39.077943,-0.387909
1711,1755,8.7136e+02,-38.995030,-0.381070
1712,1756,8.7185e+02,-38.768539,-0.361314
1713,1757,8.7235e+02,-38.616870,-0.345357
1714,1758,8.7285e+02,-38.473290,-0.337758
1715,1759,8.7334e+02,-38.333755,-0.327880
1716,1760,8.7384e+02,-38.163886,-0.308883
1717,1761,8.7434e+02,-38.006151,-0.300525
1718,1762,8.7483e+02,-37.878749,-0.283048
1719,1763,8.7533e+02,-37.723036,-0.277729
1720,1764,8.7583e+02,-37.583501,-0.258733
1721,1765,8.7632e+02,-37.421721,-0.243535
1722,1766,8.7682e+02,-37.348920,-0.225299
1723,1767,8.7732e+02,-37.120405,-0.213901
1724,1768,8.7781e+02,-36.960648,-0.200983
1725,1769,8.7831e+02,-36.825157,-0.186546
1726,1770,8.7880e+02,-36.671466,-0.168309
1727,1771,8.7930e+02,-36.560242,-0.160711
1728,1772,8.7980e+02,-36.337795,-0.143994
1729,1773,8.8029e+02,-36.228594,-0.137155
1730,1774,8.8079e+02,-36.062769,-0.117398
1731,1775,8.8129e+02,-35.937390,-0.103721
1732,1776,8.8178e+02,-35.743254,-0.091563
1733,1777,8.8228e+02,-35.642141,-0.077886
1734,1778,8.8278e+02,-35.500584,-0.067248
1735,1779,8.8327e+02,-35.332737,-0.055090
1736,1780,8.8377e+02,-35.170957,-0.034574
1737,1781,8.8427e+02,-35.023333,-0.030774
1738,1782,8.8476e+02,-34.879753,-0.014817
1739,1783,8.8526e+02,-34.709884,-0.001140
1740,1784,8.8576e+02,-34.537993,0.007979
1741,1785,8.8625e+02,-34.432836,0.026215
1742,1786,8.8675e+02,-34.309479,0.038373
1743,1787,8.8725e+02,-34.155788,0.053570
1744,1788,8.8774e+02,-33.981875,0.071047
1745,1789,8.8824e+02,-33.830206,0.075606
1746,1790,8.8874e+02,-33.690671,0.090803
1747,1791,8.8923e+02,-33.534958,0.106001
1748,1792,8.8973e+02,-33.409578,0.118158
1749,1793,8.9022e+02,-33.231620,0.134115
1750,1794,8.9072e+02,-33.061751,0.143994
1751,1795,8.9122e+02,-32.964683,0.171349
1752,1796,8.9171e+02,-32.782681,0.175908
1753,1797,8.9221e+02,-32.635057,0.194144
1754,1798,8.9271e+02,-32.499566,0.207822
1755,1799,8.9320e+02,-32.378231,0.223019
1756,1800,8.9370e+02,-32.186118,0.242016
1757,1801,8.9420e+02,-32.044560,0.251894
1758,1802,8.9469e+02,-31.880758,0.267851
1759,1803,8.9519e+02,-31.737178,0.279249
1760,1804,8.9569e+02,-31.579443,0.297485
1761,1805,8.9618e+02,-31.403507,0.318762
1762,1806,8.9668e+02,-31.290261,0.331679
1763,1807,8.9718e+02,-31.122414,0.343077
1764,1808,8.9767e+02,-30.986924,0.365873
1765,1809,8.9817e+02,-30.837277,0.362833
1766,1810,8.9866e+02,-30.701787,0.386389
1767,1811,8.9916e+02,-30.546073,0.398547
1768,1812,8.9966e+02,-30.400472,0.413744
1769,1813,9.0015e+02,-30.244758,0.426662
1770,1814,9.0065e+02,-30.093090,0.437300
1771,1815,9.0115e+02,-29.943443,0.460096
1772,1816,9.0164e+02,-29.706840,0.473773
1773,1817,9.0214e+02,-29.648195,0.482132
1774,1818,9.0264e+02,-29.492482,0.507207
1775,1819,9.0313e+02,-29.324635,0.520125
1776,1820,9.0363e+02,-29.179033,0.529243
1777,1821,9.0413e+02,-29.065787,0.542161
1778,1822,9.0462e+02,-28.891874,0.558877
1779,1823,9.0512e+02,-28.746272,0.567996
1780,1824,9.0562e+02,-28.594603,0.590032
1781,1825,9.0611e+02,-28.446979,0.601430
1782,1826,9.0661e+02,-28.295310,0.620426
1783,1827,9.0711e+02,-28.121397,0.643982
1784,1828,9.0760e+02,-28.000062,0.645502
1785,1829,9.0810e+02,-27.824126,0.667538
1786,1830,9.0860e+02,-27.674480,0.682735
1787,1831,9.0909e+02,-27.551122,0.697932
1788,1832,9.0959e+02,-27.381254,0.715409
1789,1833,9.1008e+02,-27.253852,0.729846
1790,1834,9.1058e+02,-27.122406,0.745803
1791,1835,9.1108e+02,-26.958603,0.763280
1792,1836,9.1157e+02,-26.802890,0.784556
1793,1837,9.1207e+02,-26.630999,0.798993
1794,1838,9.1257e+02,-26.509664,0.821789
1795,1839,9.1306e+02,-26.339795,0.833187
1796,1840,9.1356e+02,-26.202282,0.854463
1797,1841,9.1406e+02,-26.060725,0.862822
1798,1842,9.1455e+02,-25.902989,0.877259
1799,1843,9.1505e+02,-25.761432,0.896256
1800,1844,9.1555e+02,-25.611786,0.912213
1801,1845,9.1604e+02,-25.476295,0.924370
1802,1846,9.1654e+02,-25.302381,0.950206
1803,1847,9.1704e+02,-25.146668,0.957804
1804,1848,9.1753e+02,-24.992977,0.979840
1805,1849,9.1803e+02,-24.823108,0.995797
1806,1850,9.1852e+02,-24.695707,1.006435
1807,1851,9.1902e+02,-24.572349,1.021633
1808,1852,9.1952e+02,-24.396414,1.041389
1809,1853,9.2001e+02,-24.244745,1.060385
1810,1854,9.2051e+02,-24.125432,1.076343
1811,1855,9.2101e+02,-23.957586,1.084701
1812,1856,9.2150e+02,-23.797828,1.099138
1813,1857,9.2200e+02,-23.660315,1.121174
1814,1858,9.2250e+02,-23.530891,1.139411
1815,1859,9.2299e+02,-23.340800,1.150809
1816,1860,9.2349e+02,-23.124419,1.175124
1817,1861,9.2399e+02,-23.051618,1.184243
1818,1862,9.2448e+02,-22.910061,1.200200
1819,1863,9.2498e+02,-22.750303,1.231354
1820,1864,9.2548e+02,-22.626946,1.230594
1821,1865,9.2597e+02,-22.501566,1.259469
1822,1866,9.2647e+02,-22.329675,1.275426
1823,1867,9.2697e+02,-22.171940,1.292143
1824,1868,9.2746e+02,-22.024316,1.317978
1825,1869,9.2796e+02,-21.866580,1.330136
1826,1870,9.2846e+02,-21.739178,1.345333
1827,1871,9.2895e+02,-21.571332,1.372688
1828,1872,9.2945e+02,-21.431797,1.390165
1829,1873,9.2994e+02,-21.282150,1.403842
1830,1874,9.3044e+02,-21.124415,1.424359
1831,1875,9.3094e+02,-20.972746,1.426638
1832,1876,9.3143e+02,-20.833211,1.457793
1833,1877,9.3193e+02,-20.701765,1.474510
1834,1878,9.3243e+02,-20.523807,1.492746
1835,1879,9.3292e+02,-20.390338,1.516302
1836,1880,9.3342e+02,-20.206314,1.528460
1837,1881,9.3392e+02,-20.056667,1.549736
1838,1882,9.3441e+02,-19.917132,1.560374
1839,1883,9.3491e+02,-19.765463,1.577091
1840,1884,9.3541e+02,-19.619861,1.592288
1841,1885,9.3590e+02,-19.486393,1.612804
1842,1886,9.3640e+02,-19.292257,1.633320
1843,1887,9.3690e+02,-19.197211,1.646998
1844,1888,9.3739e+02,-19.009142,1.668274
1845,1889,9.3789e+02,-18.887807,1.684231
1846,1890,9.3838e+02,-18.752316,1.700188
1847,1891,9.3888e+02,-18.572336,1.718425
1848,1892,9.3938e+02,-18.422690,1.741980
1849,1893,9.3987e+02,-18.240687,1.758697
1850,1894,9.4037e+02,-18.125419,1.783013
1851,1895,9.4087e+02,-18.000040,1.800490
1852,1896,9.4136e+02,-17.844327,1.821006
1853,1897,9.4186e+02,-17.678502,1.836963
1854,1898,9.4236e+02,-17.549078,1.859759
1855,1899,9.4285e+02,-17.373142,1.872676
1856,1900,9.4335e+02,-17.247763,1.898512
1857,1901,9.4385e+02,-17.096094,1.915989
1858,1902,9.4434e+02,-16.920159,1.942584
1859,1903,9.4484e+02,-16.788712,1.960060
1860,1904,9.4534e+02,-16.653222,1.980577
1861,1905,9.4583e+02,-16.457064,1.995014
1862,1906,9.4633e+02,-16.351907,2.020849
1863,1907,9.4683e+02,-16.184060,2.041366
1864,1908,9.4732e+02,-16.044525,2.055803
1865,1909,9.4782e+02,-15.884767,2.083918
1866,1910,9.4832e+02,-15.763432,2.091516
1867,1911,9.4881e+02,-15.591541,2.121911
1868,1912,9.4931e+02,-15.452006,2.136348
1869,1913,9.4980e+02,-15.276070,2.165983
1870,1914,9.5030e+02,-15.158780,2.184219
1871,1915,9.5080e+02,-14.962621,2.195617
1872,1916,9.5129e+02,-14.831175,2.226012
1873,1917,9.5179e+02,-14.707818,2.244248
1874,1918,9.5229e+02,-14.552105,2.263245
1875,1919,9.5278e+02,-14.378191,2.283001
1876,1920,9.5328e+02,-14.133499,2.300478
1877,1921,9.5378e+02,-14.123388,2.316435
1878,1922,9.5427e+02,-13.925208,2.342270
1879,1923,9.5477e+02,-13.783650,2.354428
1880,1924,9.5527e+02,-13.629959,2.380263
1881,1925,9.5576e+02,-13.563225,2.403819
1882,1926,9.5626e+02,-13.332689,2.424335
1883,1927,9.5676e+02,-13.189109,2.443332
1884,1928,9.5725e+02,-13.055641,2.457769
1885,1929,9.5775e+02,-12.897905,2.490443
1886,1930,9.5825e+02,-12.756348,2.514759
1887,1931,9.5874e+02,-12.602657,2.529956
1888,1932,9.5924e+02,-12.434810,2.549712
1889,1933,9.5973e+02,-12.313475,2.580867
1890,1934,9.6023e+02,-12.139562,2.597584
1891,1935,9.6073e+02,-12.014182,2.621899
1892,1936,9.6122e+02,-11.852402,2.638616
1893,1937,9.6172e+02,-11.688600,2.667491
1894,1938,9.6222e+02,-11.561198,2.691806
1895,1939,9.6271e+02,-11.369085,2.709283
1896,1940,9.6321e+02,-11.267972,2.737398
1897,1941,9.6371e+02,-11.118326,2.753355
1898,1942,9.6420e+02,-10.942390,2.786029
1899,1943,9.6470e+02,-10.861500,2.806545
1900,1944,9.6520e+02,-10.667364,2.823262
1901,1945,9.6569e+02,-10.515696,2.854416
1902,1946,9.6619e+02,-10.353916,2.877212
1903,1947,9.6669e+02,-10.202247,2.894689
1904,1948,9.6718e+02,-10.040467,2.916725
1905,1949,9.6768e+02,-9.884754,2.938761
1906,1950,9.6817e+02,-9.767463,2.960797
1907,1951,9.6867e+02,-9.619839,2.985112
1908,1952,9.6917e+02,-9.456037,3.015507
1909,1953,9.6966e+02,-9.324591,3.032224
1910,1954,9.7016e+02,-9.195167,3.055020
1911,1955,9.7066e+02,-9.013164,3.080855
1912,1956,9.7115e+02,-8.845318,3.100611
1913,1957,9.7165e+02,-8.697694,3.126447
1914,1958,9.7215e+02,-8.637026,3.159121
1915,1959,9.7264e+02,-8.428734,3.175078
1916,1960,9.7314e+02,-8.250777,3.203952
1917,1961,9.7364e+02,-8.103152,3.229028
1918,1962,9.7413e+02,-7.963617,3.248024
1919,1963,9.7463e+02,-7.815993,3.267781
1920,1964,9.7513e+02,-7.674436,3.298175
1921,1965,9.7562e+02,-7.508611,3.320211
1922,1966,9.7612e+02,-7.385254,3.348326
1923,1967,9.7662e+02,-7.209318,3.378720
1924,1968,9.7711e+02,-7.059672,3.399996
1925,1969,9.7761e+02,-6.944404,3.428871
1926,1970,9.7811e+02,-6.772512,3.447868
1927,1971,9.7860e+02,-6.612755,3.474463
1928,1972,9.7910e+02,-6.473220,3.504097
1929,1973,9.7959e+02,-6.331662,3.530692
1930,1974,9.8009e+02,-6.167860,3.552728
1931,1975,9.8059e+02,-6.010124,3.586162
1932,1976,9.8108e+02,-5.917101,3.608958
1933,1977,9.8158e+02,-5.722965,3.638593
1934,1978,9.8208e+02,-5.557141,3.652270
1935,1979,9.8257e+02,-5.405472,3.686464
1936,1980,9.8307e+02,-5.276048,3.717618
1937,1981,9.8357e+02,-5.233581,3.735855
1938,1982,9.8406e+02,-4.950466,3.763970
1939,1983,9.8456e+02,-4.843287,3.791325
1940,1984,9.8506e+02,-4.683529,3.816400
1941,1985,9.8555e+02,-4.546016,3.844515
1942,1986,9.8605e+02,-4.382214,3.867311
1943,1987,9.8655e+02,-4.234590,3.896185
1944,1988,9.8704e+02,-4.068765,3.929619
1945,1989,9.8754e+02,-3.945408,3.947096
1946,1990,9.8803e+02,-3.795762,3.979010
1947,1991,9.8853e+02,-3.662293,4.003326
1948,1992,9.8903e+02,-3.492424,4.032960
1949,1993,9.8952e+02,-3.342778,4.053476
1950,1994,9.9002e+02,-3.189087,4.088430
1951,1995,9.9052e+02,-3.033374,4.108186
1952,1996,9.9101e+02,-2.918106,4.140860
1953,1997,9.9151e+02,-2.736103,4.165936
1954,1998,9.9201e+02,-2.647124,4.200130
1955,1999,9.9250e+02,-2.442877,4.226725
1956,2000,9.9300e+02,-2.289186,4.253320
1957,2001,9.9350e+02,-2.121339,4.289033
1958,2002,9.9399e+02,-1.983826,4.314109
1959,2003,9.9449e+02,-1.826091,4.348302
1960,2004,9.9499e+02,-1.660267,4.368819
1961,2005,9.9548e+02,-1.547021,4.402252
1962,2006,9.9598e+02,-1.409508,4.430367
1963,2007,9.9648e+02,-1.245705,4.453163
1964,2008,9.9697e+02,-1.085948,4.496475
1965,2009,9.9747e+02,-0.924168,4.514712
1966,2010,9.9797e+02,-0.802833,4.544346
1967,2011,9.9846e+02,-0.639031,4.576261
1968,2012,9.9896e+02,-0.481295,4.608935
1969,2013,9.9945e+02,-0.313449,4.631730
1970,2014,9.9995e+02,-0.202225,4.673523
1971,2015,1.0004e+03,-0.050556,4.691759
1972,PMax,(C/cm2):,6.05e+00,
1973,Pr,(C/cm2):,0.00e+00,
1974,-Pr,(C/cm2):,-1.36e+00,
1975,C,(Max-Eff),(nF):,3.21e+04
1976,K,(Eff):,2.84e+06,
1977,Vert.,(Pr),Shift,(C/cm2):
1978,Offset,(C/cm2):,-6.05e+00,
1979,A,(Loop,Area,-
1980,Hysteresis,Version:,5.30.0,-
1981,,Hysteresis,,
1982,,Executed,Version:,5.30.0
1983,,Vision,Version:,5.30.0
1984,,Vision,Compiled:,5/06/21
1985,,Driver,Version:,5.30.0
1986,,Windows,Version:,Windows
1987,,Processor,Information:,x86
1988,,Tester,Name:,Frore
1989,,Tester,S/N:,PMF20920-421
1990,,Internal,Amp,Type:
1991,,Internal,Amp,S/N:
1992,,Execution,Count:,2
1993,,,,
1994,Stored:,6/14/2021,-,18:15:52
1995,Configured:,06/11/21,11:56:14,AM
1996,Executed:,06/14/21,06:15:33,PM
1997,,Sample,Info,
1998,Sample,Name:,,
1999,Lot,Name:,,
2000,Wafer,Name:,,
2001,Die,Row/Column:,0/0,
2002,Capacitor,Number:,0,
2003,Sample,Area,(cm2):,5.31e-02
2004,Sample,Thickness,(m):,4.15e+00
2005,Amplifier:,Internal,,
2006,,Tester,Info,
2007,Tester,Name:,Frore,Tester
2008,Tester,Serial,Number:,PMF20920-421
2009,Return,Signal,Amp.,Level:
2010,,Hysteresis,Info,
2011,Task,Name:,Monopolar,150
2012,Field,(kV/cm):,-25.83,
2013,Field:,-150.00,(kV/cm),
2014,Hysteresis,Period,(ms):,1.00e+03
